<?xml version="1.0" encoding="utf-8"?>
<resources>

    <!--<string-array name="SearchBpm">-->
    <!--<item>&lt;120</item>-->
    <!--<item>120~129</item>-->
    <!--<item>130~139</item>-->
    <!--<item>140~149</item>-->
    <!--<item>150~159</item>-->
    <!--<item>160~169</item>-->
    <!--<item>170~179</item>-->
    <!--<item>&gt;=180</item>-->
    <!--</string-array>-->
    <!--<string-array name="idBpm">-->
    <!--<item>1</item>-->
    <!--<item>2</item>-->
    <!--<item>3</item>-->
    <!--<item>4</item>-->
    <!--<item>5</item>-->
    <!--<item>6</item>-->
    <!--<item>7</item>-->
    <!--<item>8</item>-->
    <!--</string-array>-->
    <!--<string-array name="gteBpm">-->
    <!--<item>-1</item>-->
    <!--<item>120</item>-->
    <!--<item>130</item>-->
    <!--<item>140</item>-->
    <!--<item>150</item>-->
    <!--<item>160</item>-->
    <!--<item>170</item>-->
    <!--<item>180</item>-->
    <!--</string-array>-->
    <!--<string-array name="lteBpm">-->
    <!--<item>120</item>-->
    <!--<item>129</item>-->
    <!--<item>139</item>-->
    <!--<item>149</item>-->
    <!--<item>159</item>-->
    <!--<item>169</item>-->
    <!--<item>179</item>-->
    <!--<item>-1</item>-->
    <!--</string-array>-->
    <!--<string-array name="SearchDuration">-->
    <!--<item>&lt;30m</item>-->
    <!--<item>30~59m</item>-->
    <!--<item>60~89m</item>-->
    <!--<item>90~119m</item>-->
    <!--<item>&gt;=120m</item>-->
    <!--</string-array>-->
    <!--<string-array name="idDuration">-->
    <!--<item>1</item>-->
    <!--<item>2</item>-->
    <!--<item>3</item>-->
    <!--<item>4</item>-->
    <!--<item>5</item>-->
    <!--</string-array>-->
    <!--<string-array name="gteTrackLength">-->
    <!--<item>-1</item>-->
    <!--<item>30</item>-->
    <!--<item>60</item>-->
    <!--<item>90</item>-->
    <!--<item>120</item>-->
    <!--</string-array>-->
    <!--<string-array name="lteTrackLength">-->
    <!--<item>30</item>-->
    <!--<item>60</item>-->
    <!--<item>90</item>-->
    <!--<item>120</item>-->
    <!--<item>-1</item>-->
    <!--</string-array>-->
    <!--<string-array name="idScene">-->
    <!--<item>1</item>-->
    <!--<item>2</item>-->
    <!--<item>3</item>-->
    <!--<item>4</item>-->
    <!--<item>5</item>-->
    <!--<item>6</item>-->
    <!--</string-array>-->
    <!--<string-array name="idGenre">-->
    <!--<item>1</item>-->
    <!--<item>2</item>-->
    <!--<item>3</item>-->
    <!--<item>4</item>-->
    <!--</string-array>-->
    <!--<string-array name="nameScene">-->
    <!--<item>Fast run</item>        -->
    <!--<item>Medium run</item>-->
    <!--<item>Slow run</item>-->
    <!--<item>Walking</item>-->
    <!--<item>Warm up</item>-->
    <!--<item>Relax</item>-->
    <!--</string-array>-->
    <!--<string-array name="nameGenre">-->
    <!--<item>POP</item>-->
    <!--<item>ROCK</item>-->
    <!--<item>ELETRONIC</item>-->
    <!--<item>HIP POP</item>-->
    <!--</string-array>-->
    <string-array name="siri_time_frequency">
        <item>Close</item>
        <item>1 minute</item>
        <item>5 minutes</item>
        <item>10 minutes</item>
        <item>15 minutes</item>
    </string-array>
    <string-array name="siri_pace_duration">
        <item>Close</item>
        <item>30 seconds</item>
        <item>1 minutes</item>
        <item>2 minutes</item>
        <item>5 minutes</item>
        <item>10 minutes</item>
    </string-array>
    <string-array name="siri_distance_frequency">
        <item>Close</item>
        <item>0.25 km</item>
        <item>0.5 km</item>
        <item>1 km</item>
        <item>5 km</item>
    </string-array>

    <string-array name="blood_type">
        <item>Unknown</item>
        <item>A</item>
        <item>B</item>
        <item>O</item>
        <item>AB</item>
    </string-array>
    <string-array name="dress_size">
        <item>XS</item>
        <item>S</item>
        <item>M</item>
        <item>L</item>
        <item>XL</item>
        <item>XXL</item>
    </string-array>

    <string-array name="gender">
        <item>female</item>
        <item>male</item>
    </string-array>

    <string-array name="unit">
        <item>cm/kg</item>
        <item>in/lb</item>
    </string-array>

    <!--<string-array name="key_value_type">-->
    <!--<item>boolean</item>-->
    <!--<item>int</item>-->
    <!--<item>long</item>-->
    <!--<item>float</item>-->
    <!--<item>double</item>-->
    <!--<item>string</item>-->
    <!--</string-array>-->

    <string-array name="whether_type">
        <item>Sunny</item>
        <item>Cloudy</item>
        <item>Few Clouds</item>
        <item>Partly Cloudy</item>
        <item>Overcast</item>
        <item>Shower Rain</item>
        <item>Heavy Shower Rain</item>
        <item>Thundershower</item>
        <item>Heavy Thunderstorm</item>
        <item>Hail</item>
        <item>Light Rain</item>
        <item>Moderate Rain</item>
        <item>Heavy Rain</item>
        <item>Extreme Rain</item>
        <item>Drizzle Rain</item>
        <item>Storm</item>
        <item>Heavy Storm</item>
        <item>Severe Storm</item>
        <item>Freezing Rain</item>
        <item>Light Snow</item>
        <item>Moderate Snow</item>
        <item>Heavy Snow</item>
        <item>Snowstorm</item>
        <item>Sleet</item>
        <item>Rain And Snow</item>
        <item>Shower Snow</item>
        <item>Snow Flurry</item>
        <item>Mist</item>
        <item>Foggy</item>
        <item>Haze</item>
        <item>Sand</item>
        <item>Dust</item>
        <item>Duststorm</item>
        <item>Sandstorm</item>
    </string-array>


    <string-array name="hrs_locations">
        <item>Other</item>
        <item>Chest</item>
        <item>Wrist</item>
        <item>Finger</item>
        <item>Hand</item>
        <item>Ear Lobe</item>
        <item>Foot</item>
    </string-array>

    <string-array name="week">
        <item>Sun</item>
        <item>Mon</item>
        <item>Tue</item>
        <item>Wed</item>
        <item>Thu</item>
        <item>Fri</item>
        <item>Sat</item>
    </string-array>

    <string-array name="delay">
        <item>1 day</item>
        <item>2 days</item>
        <item>3 days</item>
        <item>4 days</item>
        <item>5 days</item>
        <item>6 days</item>
        <item>7 days</item>
    </string-array>

    <!--<string-array name="skip_led_mode">-->
        <!--<item>跳闪模式</item>-->
        <!--<item>常亮模式</item>-->
        <!--<item>激励模式</item>-->
        <!--<item>熄灭模式</item>-->
    <!--</string-array>-->

    <string-array name="skip_siri_mode">
        <item>OFF</item>
        <item>20</item>
        <item>50</item>
        <item>100</item>
        <item>200</item>
    </string-array>

    <!--&lt;!&ndash;新彩蛋天气接口返回值与原值对应&ndash;&gt;-->
    <!--<integer-array name="weatherCode">-->
    <!--<item code="100">0</item>-->
    <!--<item code="101">1</item>-->
    <!--<item code="104">2</item>-->
    <!--<item code="300">3</item>-->
    <!--<item code="302">4</item>-->
    <!--<item code="304">5</item>-->
    <!--<item code="305">7</item>-->
    <!--<item code="306">8</item>-->
    <!--<item code="307">9</item>-->
    <!--<item code="310">10</item>-->
    <!--<item code="311">11</item>-->
    <!--<item code="312">12</item>-->
    <!--<item code="313">19</item>-->
    <!--<item code="400">14</item>-->
    <!--<item code="401">15</item>-->
    <!--<item code="402">16</item>-->
    <!--<item code="403">17</item>-->
    <!--<item code="404">6</item>-->
    <!--<item code="407">13</item>-->
    <!--<item code="501">18</item>-->
    <!--<item code="502">32</item>-->
    <!--<item code="503">30</item>-->
    <!--<item code="504">29</item>-->
    <!--<item code="507">20</item>-->
    <!--<item code="508">31</item>-->
    <!--</integer-array>-->

    <string-array name="user_level">
        <item>Primary runnersI</item>
        <item>Primary runnersII</item>
        <item>Primary runnersIII</item>
        <item>Intermediate runnersI</item>
        <item>Intermediate runnersII</item>
        <item>Intermediate runnersIII</item>
        <item>Senior runnerI</item>
        <item>Senior runnerII</item>
        <item>Senior runnerIII</item>
        <item>Top runnersI</item>
        <item>Top runnersII</item>
        <item>Top runnersIII</item>
        <item>Divine runnersI</item>
        <item>Divine runnersII</item>
        <item>Divine runnersIII</item>
    </string-array>

    <string-array name="topic_type">
        <item>New Topics</item>
        <item>Hot Topics</item>
    </string-array>

    <string-array name="topic_answer_order">
        <item>Sort by time</item>
        <item>Sort by quality</item>
    </string-array>

</resources>