<resources>
    <!--公共属性-->
    <attr name="textColor" format="color" />
    <attr name="textSize" format="dimension" />
    <attr name="minValue" format="float" />
    <attr name="maxValue" format="float" />

    <!--彩蛋区域-->
    <declare-styleable name="SlidingLayout">
        <attr name="background_view" format="reference" />
        <attr name="sliding_mode" format="enum">
            <enum name="both" value="0" />
            <enum name="top" value="1" />
            <enum name="bottom" value="2" />
        </attr>
        <attr name="sliding_pointer_mode" format="enum">
            <enum name="one" value="0" />
            <enum name="more" value="1" />
        </attr>
        <attr name="top_max" format="dimension" />
    </declare-styleable>

    <!--滑动暂停按钮-->
    <declare-styleable name="SlideButton">
        <attr name="sliding_type" format="enum">
            <enum name="run" value="1" />
            <enum name="skip" value="2" />
        </attr>
    </declare-styleable>

    <!--上拉 下拉刷新-->
    <declare-styleable name="SwipeLoadLayout">
        <attr name="refresh_enabled" format="boolean" />
        <attr name="load_more_enabled" format="boolean" />

        <attr name="swipe_style" format="enum">
            <enum name="classic" value="0" />
            <enum name="above" value="1" />
            <enum name="blew" value="2" />
            <enum name="scale" value="3" />
        </attr>

        <attr name="drag_ratio" format="float" />

        <attr name="refresh_trigger_offset" format="dimension" />
        <attr name="load_more_trigger_offset" format="dimension" />
        <attr name="refresh_final_drag_offset" format="dimension" />
        <attr name="load_more_final_drag_offset" format="dimension" />

        <attr name="swiping_to_refresh_to_default_scrolling_duration" format="integer" />
        <attr name="release_to_refreshing_scrolling_duration" format="integer" />
        <attr name="refresh_complete_delay_duration" format="integer" />
        <attr name="refresh_complete_to_default_scrolling_duration" format="integer" />
        <attr name="default_to_refreshing_scrolling_duration" format="integer" />
        <attr name="swiping_to_load_more_to_default_scrolling_duration" format="integer" />
        <attr name="release_to_loading_more_scrolling_duration" format="integer" />
        <attr name="load_more_complete_delay_duration" format="integer" />
        <attr name="load_more_complete_to_default_scrolling_duration" format="integer" />
        <attr name="default_to_loading_more_scrolling_duration" format="integer" />
    </declare-styleable>

    <declare-styleable name="StepProgressView">
        <attr name="mode" format="enum">
            <enum name="normal" value="0" />
            <enum name="training" value="1" />
        </attr>
        <attr name="small_radius" format="dimension" />
        <attr name="circle_color" format="color" />
        <attr name="progress_text_color" format="color" />
        <attr name="step_text_color" format="color" />
        <attr name="progress_text_size" format="dimension" />
        <attr name="step_text_size" format="dimension" />
        <attr name="finished_line_color" format="color" />
        <attr name="unfinished_line_color" format="color" />
        <attr name="step_stroke_width" format="dimension" />
        <attr name="total_step" format="integer" />
    </declare-styleable>

    <!-- 底部badgeView -->
    <declare-styleable name="BadgeRadioButton">
        <attr name="drawableLeft" format="integer" />
        <attr name="text" format="string" />
        <attr name="badge_textSize" format="dimension" />
        <attr name="badge_textColor" format="color" />
        <attr name="badgeColor" format="color" />
    </declare-styleable>

    <!-- 圆形进度条 -->
    <declare-styleable name="RoundProgressBar">
        <attr name="roundColor" format="color" />
        <attr name="roundProgressColor" format="color" />
        <attr name="roundWidth" format="dimension" />
        <attr name="textColor" />
        <attr name="circleBgColor" format="color" />
        <attr name="textSize" />
        <attr name="max" format="integer" />
        <attr name="textIsDisplayable" format="boolean" />
        <attr name="style">
            <enum name="STROKE" value="0" />
            <enum name="FILL" value="1" />
        </attr>
        <attr name="center_text" format="string" />


    </declare-styleable>

    <!-- wheel spinner-->
    <declare-styleable name="AbstractWheelView">
        <attr name="visibleItems" format="integer" />
        <attr name="isAllVisible" format="boolean" />
        <attr name="itemOffsetPercent" format="integer" />
        <attr name="itemsPadding" format="dimension" />
        <attr name="selectionDividerDimmedAlpha" format="integer" />
        <attr name="selectionDividerActiveAlpha" format="integer" />
        <attr name="selectionDivider" format="reference" />
        <attr name="itemsDimmedAlpha" format="integer" />
        <attr name="isCyclic" format="boolean" />
    </declare-styleable>
    <declare-styleable name="WheelVerticalView">
        <attr name="selectionDividerHeight" format="dimension" />
    </declare-styleable>
    <declare-styleable name="WheelHorizontalView">
        <attr name="selectionDividerWidth" format="dimension" />
    </declare-styleable>
    <attr name="abstractWheelViewStyle" format="reference" />

    <!--秒表圆盘-->
    <declare-styleable name="ArcProgress">
        <attr name="arc_progress" format="integer" />
        <attr name="arc_angle" format="float" />
        <attr name="arc_stroke_width" format="dimension" />
        <attr name="arc_max" format="integer" />
        <attr name="arc_unfinished_color" format="color" />
        <attr name="arc_finished_color" format="color" />
    </declare-styleable>

    <!-- 环形进度条 -->
    <declare-styleable name="HeartRateDetectProgress">
        <attr name="detect_progress" format="integer" />
        <attr name="detect_angle" format="float" />
        <attr name="detect_stroke_width" format="dimension" />
        <attr name="detect_max" format="integer" />
        <attr name="detect_unfinished_color" format="color" />
        <attr name="detect_finished_color" format="color" />
    </declare-styleable>

    <declare-styleable name="HeartRateSegmentCircle">
        <attr name="heart_rate_segment_circle_stroke_width" format="dimension" />
    </declare-styleable>

    <!-- 语音包下载进度条 -->
    <declare-styleable name="VoicePackageProgress">
        <attr name="seekbar_progress" format="integer" />
        <attr name="seekbar_stroke_width" format="dimension" />
        <attr name="seekbar_unfinished_color" format="color" />
        <attr name="seekbar_finished_color" format="color" />
        <attr name="seekbar_finished_text_color" format="color" />
        <attr name="seekbar_finished_text_size" format="dimension" />
    </declare-styleable>

    <!-- 音乐进度条 -->
    <declare-styleable name="MusicSeekbar">
        <attr name="progress" format="integer" />
        <attr name="track_stroke_width" format="float" />
        <attr name="unfinished_color" format="color" />
        <attr name="finished_color" format="color" />
    </declare-styleable>

    <declare-styleable name="MaterialRippleLayout">
        <attr name="mrl_rippleColor" format="color" localization="suggested" />
        <attr name="mrl_rippleDimension" format="dimension" localization="suggested" />
        <attr name="mrl_rippleOverlay" format="boolean" localization="suggested" />
        <attr name="mrl_rippleAlpha" format="float" localization="suggested" />
        <attr name="mrl_rippleDuration" format="integer" localization="suggested" />
        <attr name="mrl_rippleFadeDuration" format="integer" localization="suggested" />
        <attr name="mrl_rippleHover" format="boolean" localization="suggested" />
        <attr name="mrl_rippleBackground" format="color" localization="suggested" />
        <attr name="mrl_rippleDelayClick" format="boolean" localization="suggested" />
        <attr name="mrl_ripplePersistent" format="boolean" localization="suggested" />
        <attr name="mrl_rippleInAdapter" format="boolean" localization="suggested" />
        <attr name="mrl_rippleRoundedCorners" format="dimension" localization="suggested" />
    </declare-styleable>

    <declare-styleable name="MaterialProgressBar">
        <!-- Style of progress drawable: horizontal or circular. Defaults to circular. -->
        <attr name="mpb_progressStyle" format="enum">
            <enum name="circular" value="0" />
            <enum name="horizontal" value="1" />
        </attr>
        <!--
          ~ Whether both determinate and indeterminate drawables should be set on this progress bar.
          ~ Determinate ring progress drawable is not supported yet. Defaults to false.
          -->
        <attr name="mpb_setBothDrawables" format="boolean" />
        <!-- Whether progress drawable should use its intrinsic padding. Defaults to true. -->
        <attr name="mpb_useIntrinsicPadding" format="boolean" />
        <!--
          ~ Whether progress drawable should show a track. Defaults to true for horizontal progress
          ~ drawable, false otherwise.
          -->
        <attr name="mpb_showTrack" format="boolean" />
        <attr name="android:tint" />
        <attr name="mpb_tintMode" format="enum">
            <enum name="src_over" value="3" />
            <enum name="src_in" value="5" />
            <enum name="src_atop" value="9" />
            <enum name="multiply" value="14" />
            <enum name="screen" value="15" />
            <enum name="add" value="16" />
        </attr>
    </declare-styleable>

    <!-- These top three attributes are not accessible to library users -->
    <attr name="md_divider" format="color" />

    <!-- Accessible global theming attributes -->
    <attr name="md_dark_theme" format="boolean" />
    <attr name="md_background_color" format="color" />
    <attr name="md_icon" format="reference" />
    <attr name="md_icon_max_size" format="dimension" />
    <attr name="md_icon_limit_icon_to_default_size" format="boolean" />
    <attr name="md_title_color" format="color" />
    <attr name="md_content_color" format="color" />
    <attr name="md_link_color" format="color" />
    <attr name="md_positive_color" format="color" />
    <attr name="md_neutral_color" format="color" />
    <attr name="md_negative_color" format="color" />
    <attr name="md_widget_color" format="color" />
    <attr name="md_item_color" format="color" />
    <attr name="md_divider_color" format="color" />
    <attr name="md_list_selector" format="reference" />
    <attr name="md_btn_stacked_selector" format="reference" />
    <attr name="md_btn_positive_selector" format="reference" />
    <attr name="md_btn_neutral_selector" format="reference" />
    <attr name="md_btn_negative_selector" format="reference" />
    <attr name="md_btn_ripple_color" format="color" />
    <attr name="md_title_gravity" format="enum">
        <enum name="start" value="0" />
        <enum name="center" value="1" />
        <enum name="end" value="2" />
    </attr>
    <attr name="md_content_gravity" format="enum">
        <enum name="start" value="0" />
        <enum name="center" value="1" />
        <enum name="end" value="2" />
    </attr>
    <attr name="md_btnstacked_gravity" format="enum">
        <enum name="start" value="0" />
        <enum name="center" value="1" />
        <enum name="end" value="2" />
    </attr>
    <attr name="md_items_gravity" format="enum">
        <enum name="start" value="0" />
        <enum name="center" value="1" />
        <enum name="end" value="2" />
    </attr>
    <attr name="md_buttons_gravity" format="enum">
        <enum name="start" value="0" />
        <enum name="center" value="1" />
        <enum name="end" value="2" />
    </attr>
    <declare-styleable name="MDRootLayout">
        <attr name="md_reduce_padding_no_title_no_buttons" format="boolean" />
    </declare-styleable>
    <attr name="md_medium_font" format="string" />
    <attr name="md_regular_font" format="string" />

    <!--pull to refresh-->
    <declare-styleable name="PullToRefreshView">
        <attr name="ptr_type" format="enum">
            <enum name="f" value="0" />
        </attr>
        <attr name="ptr_direction">
            <enum name="top" value="0" />
            <enum name="bottom" value="1" />
            <enum name="both" value="2" />
        </attr>
    </declare-styleable>

    <!--view pager circle indicator-->
    <declare-styleable name="CircleIndicator">
        <attr name="ci_width" format="dimension" />
        <attr name="ci_height" format="dimension" />
        <attr name="ci_margin" format="dimension" />
        <attr name="ci_animator" format="reference" />
        <attr name="ci_animator_reverse" format="reference" />
        <attr name="ci_drawable" format="reference" />
        <attr name="ci_drawable_unselected" format="reference" />
    </declare-styleable>

    <!-- 环形进度条 -->

    <declare-styleable name="SimpleViewPagerIndicator">
        <attr name="text_color" format="color" />
        <attr name="text_size" format="dimension" />
        <attr name="indicator_color" format="color" />
        <attr name="indicator_bg_color" format="color" />
        <attr name="indicator_width" format="dimension" />
        <attr name="indicator_height" format="dimension" />
    </declare-styleable>

    <!--U crop-->
    <declare-styleable name="ucrop_UCropView">
        <!--Crop image view-->
        <attr name="ucrop_aspect_ratio_x" format="float" />
        <attr name="ucrop_aspect_ratio_y" format="float" />

        <!--Overlay view-->
        <attr name="ucrop_show_oval_crop_frame" format="boolean" />
        <attr name="ucrop_oval_dimmed_layer" format="boolean" />
        <attr name="ucrop_dimmed_color" format="color" />

        <attr name="ucrop_grid_stroke_size" format="dimension" />
        <attr name="ucrop_grid_color" format="color" />
        <attr name="ucrop_grid_row_count" format="integer" />
        <attr name="ucrop_grid_column_count" format="integer" />
        <attr name="ucrop_show_grid" format="boolean" />

        <attr name="ucrop_frame_stroke_size" format="dimension" />
        <attr name="ucrop_frame_color" format="color" />
        <attr name="ucrop_show_frame" format="boolean" />

    </declare-styleable>

    <declare-styleable name="ucrop_AspectRatioTextView">

        <attr name="ucrop_artv_ratio_title" format="string" />

        <attr name="ucrop_artv_ratio_x" format="float" />
        <attr name="ucrop_artv_ratio_y" format="float" />

    </declare-styleable>

    <!--多个Textview集合控件-->
    <declare-styleable name="MultipleTextViewGroup">
        <attr name="textColor" />
        <attr name="textSize" />
        <attr name="textWordMargin" format="dimension" />
        <attr name="textLineMargin" format="dimension" />
        <attr name="textBackground" format="reference" />
        <attr name="textPaddingLeft" format="dimension" />
        <attr name="textPaddingRight" format="dimension" />
        <attr name="textPaddingTop" format="dimension" />
        <attr name="textPaddingBottom" format="dimension" />
        <attr name="overspread" format="boolean" />
        <attr name="columnNum" format="integer" />
    </declare-styleable>

    <declare-styleable name="CropImageView">
        <attr name="cropGuidelines">
            <enum name="off" value="0" />
            <enum name="onTouch" value="1" />
            <enum name="on" value="2" />
        </attr>
        <attr name="cropScaleType">
            <enum name="fitCenter" value="0" />
            <enum name="center" value="1" />
            <enum name="centerCrop" value="2" />
            <enum name="centerInside" value="3" />
        </attr>
        <attr name="cropShape">
            <enum name="rectangle" value="0" />
            <enum name="oval" value="1" />
        </attr>
        <attr name="cropAutoZoomEnabled" format="boolean" />
        <attr name="cropMaxZoom" format="integer" />
        <attr name="cropFixAspectRatio" format="boolean" />
        <attr name="cropAspectRatioX" format="integer" />
        <attr name="cropAspectRatioY" format="integer" />
        <attr name="cropInitialCropWindowPaddingRatio" format="float" />
        <attr name="cropBorderLineThickness" format="dimension" />
        <attr name="cropBorderLineColor" format="color" />
        <attr name="cropBorderCornerThickness" format="dimension" />
        <attr name="cropBorderCornerOffset" format="dimension" />
        <attr name="cropBorderCornerLength" format="dimension" />
        <attr name="cropBorderCornerColor" format="color" />
        <attr name="cropGuidelinesThickness" format="dimension" />
        <attr name="cropGuidelinesColor" format="color" />
        <attr name="cropBackgroundColor" format="color" />
        <attr name="cropSnapRadius" format="dimension" />
        <attr name="cropTouchRadius" format="dimension" />
        <attr name="cropShowCropOverlay" format="boolean" />
        <attr name="cropShowProgressBar" format="boolean" />
        <attr name="cropMinCropWindowWidth" format="dimension" />
        <attr name="cropMinCropWindowHeight" format="dimension" />
        <attr name="cropMinCropResultWidthPX" format="float" />
        <attr name="cropMinCropResultHeightPX" format="float" />
        <attr name="cropMaxCropResultWidthPX" format="float" />
        <attr name="cropMaxCropResultHeightPX" format="float" />
    </declare-styleable>

    <!-- 心率图表 -->
    <declare-styleable name="HeartRateLineChart">
        <attr name="backgroundColor" format="color" />
        <attr name="titleColor" format="color" />
        <attr name="titleTextSize" format="dimension" />
        <attr name="axisTextColor" format="color" />
        <attr name="axisTextSize" format="dimension" />
        <attr name="textColor" />
        <attr name="textSize" />
        <attr name="realTimeType" format="boolean" />
    </declare-styleable>


    <!--二维码扫描控件-->
    <declare-styleable name="innerrect">
        <attr name="inner_width" format="dimension" />
        <attr name="inner_height" format="dimension" />
        <attr name="inner_margintop" format="dimension" />
        <attr name="inner_corner_color" format="color" />
        <attr name="inner_corner_length" format="dimension" />
        <attr name="inner_corner_width" format="dimension" />
        <attr name="inner_scan_bitmap" format="reference" />
        <attr name="inner_scan_speed" format="integer" />
        <attr name="inner_scan_iscircle" format="boolean" />
    </declare-styleable>

    <!-- 悬浮菜单 -->
    <declare-styleable name="FabTagLayout">
        <attr name="tagText" format="string" />
        <!--<attr name="tagTextSize" format="dimension" />-->
        <!--<attr name="tagTextColor" format="color" />-->
    </declare-styleable>
    <attr name="animationMode">
        <enum name="fade" value="0" />
        <enum name="Scale" value="1" />
        <enum name="bounce" value="2" />
    </attr>
    <attr name="position">
        <enum name="left_top" value="0" />
        <enum name="left_bottom" value="1" />
        <enum name="right_top" value="2" />
        <enum name="right_bottom" value="3" />
    </attr>
    <declare-styleable name="FloatingActionButtonPlus">
        <attr name="animationMode" />
        <attr name="position" />
        <attr name="mBackgroundColor" format="color" />
        <attr name="switchFabIcon" format="reference" />
        <attr name="switchFabColor" format="color" />
        <attr name="animationDuration" format="integer" />
    </declare-styleable>

    <declare-styleable name="WatchVersionUpgradeCircle">
        <attr name="watch_circle_stroke_width" format="dimension" />
    </declare-styleable>


    <declare-styleable name="HeartHRChart">
        <attr name="strokeColor" format="color" />
        <attr name="fillColor" format="color" />
        <attr name="strokeWidth" format="dimension" />
        <attr name="minValue" />
        <attr name="maxValue" />
        <attr name="maximumNumberOfValues" format="integer" />
        <attr name="animationDurationHR" format="integer" />
        <attr name="scaleMode">
            <enum name="fixed" value="0" />
            <enum name="auto" value="1" />
        </attr>
        <attr name="chartStyle">
            <enum name="stroke" value="0" />
            <enum name="fill" value="1" />
            <enum name="fill_stroke" value="1" />
        </attr>
    </declare-styleable>

    <!-- 圣诞礼物降落 -->
    <declare-styleable name="DropDownStyle">
        <attr name="gift_count" format="integer" />
        <attr name="gift_speed" format="integer" />
        <attr name="gift_max_size" format="float" />
        <attr name="gift_min_size" format="float" />
        <attr name="gift_background" format="color" />
    </declare-styleable>

    <!-- 刻度尺选择 -->
    <declare-styleable name="RulerView">
        <attr name="textColor" />
        <attr name="textSize" />
        <attr name="lineColor" format="color" />
        <attr name="lineSpaceWidth" format="dimension" />
        <attr name="lineWidth" format="dimension" />
        <attr name="lineMaxHeight" format="dimension" />
        <attr name="lineMidHeight" format="dimension" />
        <attr name="lineMinHeight" format="dimension" />
        <attr name="textMarginTop" format="dimension" />
        <attr name="alphaEnable" format="boolean" />
        <attr name="minValue" />
        <attr name="maxValue" />
        <attr name="selectorValue" format="float" />
        <attr name="perValue" format="float" />
    </declare-styleable>

    <!-- 训练跑力值进度条 -->
    <declare-styleable name="ColorArcProgressBar">
        <attr name="back_color" format="color" />
        <attr name="front_color1" format="color" />
        <attr name="front_color2" format="color" />
        <attr name="front_color3" format="color" />
        <attr name="back_width" format="dimension" />
        <attr name="front_width" format="dimension" />
        <attr name="is_need_title" format="boolean" />
        <attr name="is_need_content" format="boolean" />
        <attr name="is_need_unit" format="boolean" />
        <attr name="is_need_dial" format="boolean" />
        <attr name="string_title" format="string" />
        <attr name="string_unit" format="string" />
        <attr name="total_engle" format="integer" />
        <attr name="current_value" format="float" />
        <attr name="max_value" format="float" />
    </declare-styleable>

    <!-- 排行榜pkView-->
    <declare-styleable name="RankPkView">
        <attr name="pk_title" format="string" />
    </declare-styleable>

    <declare-styleable name="CircleImageView">
        <attr name="civ_border_width" format="dimension" />
        <attr name="civ_border_color" format="color" />
        <attr name="civ_border_overlay" format="boolean" />
        <!-- {@deprecated Use civ_circlebackground_color instead.} -->
        <attr name="civ_fill_color" format="color" />
        <attr name="civ_circle_background_color" format="color" />
    </declare-styleable>
</resources>
