<?xml version="1.0" encoding="utf-8"?>
<resources>
    <!-- Style color-->
    <!--<color name="colorPrimary">#FF3E3C4A</color>-->
    <!--<color name="colorPrimaryDark">#FF3E3C49</color>-->
    <!--<color name="textColorPrimary">#FFFFFF</color>-->
    <!--<color name="colorAccent">@color/fitmix_orange</color>-->
    <!--<color name="windowBackground">#E8E6EA</color>-->
    <!--<color name="windowDarkBackground">#3E3C49</color>-->

    <color name="colorPrimary">#FF201F26</color>
    <color name="colorPrimaryDark">#FF201F26</color>
    <color name="textColorPrimary">#FFFFFF</color>
    <color name="colorAccent">@color/fitmix_orange</color>
    <!--<color name="windowBackground">#2B2A33</color>-->
    <color name="windowBackground">#201F26</color>
    <!--<color name="windowDarkBackground">#2B2A33</color>-->
    <color name="windowDarkBackground">#201F26</color>

    <!-- actionbar -->
    <!--<color name="default_actionbar_background_color">@color/colorPrimaryDark</color>-->
    <!--<color name="default_actionbar_text_color">#FFFFFFFF</color>-->

    <!-- material dialog-->
    <color name="md_btn_selected">#33969696</color>
    <color name="md_btn_selected_dark">#40CBCBCB</color>
    <color name="md_divider_black">#10000000</color>
    <color name="md_divider_white">#10FFFFFF</color>
    <color name="divider_color">#3C3B3F</color>
    <color name="md_material_blue_600">#1E88E5</color>
    <!--<color name="md_material_blue_800">#1565C0</color>-->
    <color name="md_edittext_error">#DD2C00</color>

    <color name="fitmix_video_bg">#AA201F26</color>

    <!-- AppMsg color -->
    <color name="alert">#CC0000</color>
    <color name="confirm">#FF8800</color>
    <color name="info">#669900</color>

    <!-- design color-->
    <color name="fitmix_orange">#FFFD8A22</color>
    <!--<color name="fitmix_orange_dark">#66FD8A22</color>-->
    <!--<color name="fitmix_light_black">#3E3C4A</color>-->
    <!--<color name="fitmix_black">#2A2A2A</color>-->
    <!--<color name="fitmix_light_white">#FFEAEE</color>-->
    <color name="fitmix_white">#FFFFFF</color>
    <!--<color name="fitmix_cloud_white">#E6D7CB</color>-->
    <color name="fitmix_light_gray">#8C8C8C</color>
    <color name="fitmix_black_gray">#36353B</color>
    <color name="fitmix_yellow">#ff8b22</color>
    <!--<color name="fitmix_gray">#454352</color>-->

    <color name="fitmix_black">#2A2A2A</color>
    <color name="fitmix_add_black_bg">#2D2C32</color>
    <!--<color name="fitmix_black">#2A2A2A</color>-->

    <color name="fitmix_bg_black">#2B2A33</color>

    <color name="fitmix_banner_bg">#55000000</color>
    <!--<color name="fitmix_top_black">#FF201F26</color>-->
    <!--<color name="fitmix_bottom_black">#302F36</color>-->
    <color name="card_board_bg">#1B1A20</color>
    <!--<color name="fitmix_bottom_black">#FF201F26</color>-->
    <color name="fitmix_music_list_black">#1C1B22</color>
    <color name="fitmix_music_list_alpha_black">#CC1C1B22</color>
    <!--<color name="fitmix_music_list_down_black">#27262D</color>-->
    <!--<color name="fitmix_music_play_bg">#11FFFFFF</color>-->
    <!--<color name="fitmix_btn_gray">#CAC9D3</color>-->

    <!--calendar color-->
    <color name="calendar_last_bg">#27262a</color>
    <color name="calendar_bg">#0ce893</color>
    <color name="calendar_border">#323232</color>

    <!-- global text color -->
    <!--<color name="highlight_text">#FFFA8E29</color>-->
    <color name="white_text">#FFFDFDFB</color>
    <color name="full_white_text">#FFFFFFFF</color>
    <color name="gray_text_hint">#8C8C8C</color>
    <!--<color name="black_text">#FF000000</color>-->
    <color name="light_gray_text">@color/fitmix_light_gray</color>
    <color name="gray_text">#2A2A2A</color>
    <color name="gray_new_text">#5D5C64</color>
    <color name="white_new_text">#848389</color>
    <color name="white_cloud_text">#F2F2F2</color>
    <color name="white_milky_text">#C9C7D1</color>
    <color name="red_text">#F26B6B</color>
    <color name="green_text">#5ED977</color>
    <color name="blue_text">#6D87F8</color>
    <color name="purple_text">#976CEF</color>
    <color name="orange_text">@color/fitmix_orange</color>

    <!--音乐进度颜色区分-->
    <color name="white_dark">#848389</color>
    <color name="white_pure">#F2F2F2</color>

    <!-- material ripple layout -->
    <color name="transparent">#00FFFFFF</color>
    <color name="half_transparent">#991c1c1e</color>

    <!--<color name="activity_main_nav_background">#FF3E3C49</color>-->
    <color name="activity_main_nav_radio_text">@color/orange_text</color>
    <!--<color name="activity_play_nav_background">#FF3E3C49</color>-->
    <!--<color name="activity_play_nav_checkbox_text">#FFFEA813</color>-->
    <!--<color name="activity_run_setting_switch_off">#80C07C</color>-->
    <!--<color name="activity_run_setting_switch_on">#80A1C8</color>-->


    <!-- sweet dialog-->
    <!--<color name="error_stroke_color">#F27474</color>-->
    <!--<color name="success_stroke_color">#A5DC86</color>-->
    <!--<color name="trans_success_stroke_color">#33A5DC86</color>-->
    <!--<color name="warning_stroke_color">#F8BB86</color>-->
    <!--<color name="gray_btn_bg_color">#D0D0D0</color>-->
    <!--<color name="gray_btn_bg_pressed_color">#B6B6B6</color>-->
    <!--<color name="button_text_color_down">#FF4D4D4D</color>-->
    <!--<color name="blue_btn_bg_color">#AEDEF4</color>-->
    <!--<color name="blue_btn_bg_pressed_color">#96BFD2</color>-->
    <!--<color name="button_text_color">#FFFFFF</color>-->
    <!--<color name="red_btn_bg_color">#DD6B55</color>-->
    <!--<color name="red_btn_bg_pressed_color">#CD5B55</color>-->

    <!--date time picker-->
    <color name="mdtp_white">#ffffff</color>
    <color name="mdtp_background_color">@color/mdtp_white</color>
    <color name="mdtp_circle_background">@color/mdtp_background_color</color>
    <color name="mdtp_circle_color">#f5f5f5</color>
    <!--<color name="mdtp_line_background">#cccccc</color>-->
    <color name="mdtp_ampm_text_color">@color/mdtp_numbers_text_color</color>
    <!--<color name="mdtp_done_text_color_normal">#ff212121</color>-->
    <!--<color name="mdtp_done_text_color_disabled">#cccccc</color>-->
    <color name="mdtp_numbers_text_color">#ff212121</color>

    <color name="mdtp_transparent_black">#7f000000</color>
    <color name="mdtp_accent_color">#009688</color>
    <color name="mdtp_accent_color_focused">#76ffffff</color>
    <!--<color name="mdtp_neutral_pressed">#33999999</color>-->
    <color name="mdtp_accent_color_dark">#00796b</color>
    <color name="mdtp_date_picker_text_normal">#ff212121</color>
    <color name="mdtp_date_picker_text_highlighted">@color/mdtp_date_picker_text_normal</color>
    <color name="mdtp_date_picker_text_disabled">#ccc</color>
    <color name="mdtp_date_picker_month_day">#767676</color>

    <!-- DatePicker Dark Theme -->
    <color name="mdtp_date_picker_view_animator_dark_theme">@color/mdtp_light_gray</color>
    <color name="mdtp_date_picker_text_normal_dark_theme">@color/mdtp_white</color>
    <color name="mdtp_date_picker_month_day_dark_theme">#b4b4b4</color>
    <color name="mdtp_date_picker_text_disabled_dark_theme">#767676</color>
    <color name="mdtp_date_picker_text_highlighted_dark_theme">
        @color/mdtp_date_picker_text_normal_dark_theme
    </color>

    <!--<color name="mdtp_calendar_header">@color/mdtp_accent_color_dark</color>-->
    <color name="mdtp_date_picker_view_animator">@android:color/white</color>
    <!--<color name="mdtp_calendar_selected_date_text">#ffd1d2d4</color>-->

    <color name="mdtp_button_color">@color/mdtp_accent_color</color>
    <color name="mdtp_button_selected">#33969696</color>
    <!-- TimePicker Dark Theme -->
    <color name="mdtp_circle_background_dark_theme">#525252</color>
    <!-- Colors for red theme -->
    <!--<color name="mdtp_red">@color/mdtp_accent_color</color>-->
    <!--<color name="mdtp_red_focused">@color/mdtp_accent_color_dark</color>-->
    <color name="mdtp_light_gray">#424242</color>
    <!--<color name="mdtp_dark_gray">#323232</color>-->
    <!--<color name="mdtp_line_dark">#808080</color>-->
    <!--<color name="mdtp_done_text_color_dark_normal">#ffffff</color>-->
    <!--<color name="mdtp_done_text_color_dark_disabled">#888888</color>-->
    <!--<color name="mdtp_done_disabled_dark">#bfbfbf</color>-->

    <!--uCrop Activity-->
    <!--<color name="ucrop_color_toolbar">#FF6E40</color>-->
    <!--<color name="ucrop_color_statusbar">#CC5833</color>-->
    <!--<color name="ucrop_color_title">#fff</color>-->
    <!--<color name="ucrop_color_widget">#000</color>-->
    <!--<color name="ucrop_color_widget_active">#FF6E40</color>-->
    <!--<color name="ucrop_color_widget_background">#fff</color>-->
    <!--<color name="ucrop_color_widget_text">#000</color>-->
    <!--<color name="ucrop_color_progress_wheel_line">#808080</color>-->
    <!--<color name="ucrop_color_crop_background">#000</color>-->

    <!--Crop View-->
    <!--<color name="ucrop_color_default_crop_grid">#ffffff</color>-->
    <!--<color name="ucrop_color_default_crop_frame">#ffffff</color>-->
    <!--<color name="ucrop_color_default_dimmed">#8c000000</color>-->

    <color name="run_main_background">#201F26</color>
    <color name="run_main_music_picforward_color">#32201f26</color>

    <!--心率圆圈五大颜色-->
    <!--<color name="heart_rate_blue">#24A8FD</color>-->
    <!--<color name="heart_rate_green">#1DE677</color>-->
    <!--<color name="heart_rate_slight_yellow">#FFBF22</color>-->
    <!--<color name="heart_rate_normal_yellow">#FF8B22</color>-->
    <!--<color name="heart_rate_dark_yellow">#FF5622</color>-->

    <!--心率图标六大颜色，用于图标和运动心率数值颜色-->
    <color name="heart_rate_chart_buffer">#7A7A7A</color>
    <color name="heart_rate_chart_warm_up">#0883B3</color>
    <color name="heart_rate_chart_fat_burning">#689743</color>
    <color name="heart_rate_chart_aerobic">#B3B50B</color>
    <color name="heart_rate_chart_anaerobic">#AE8608</color>
    <color name="heart_rate_chart_max">#A23E41</color>


    <color name="heart_rate_have_not_connect">#FF3737</color>
    <color name="heart_rate_have_connected">#28DA8E</color>

    <!--<color name="heart_rate_ble_connected">#22FF75</color>-->

    <!--<color name="backgroundColor">#E6E7E8</color>-->
    <!--<color name="headerBackgroundColor">#009ada</color>-->
    <!--<color name="headerBackgroundColorDark">#0081B7</color>-->
    <!--<color name="headerTextColor">#FFFFFF</color>-->

    <!--图标分析中心率显示字样的颜色-->
    <!--<color name="heart_rate_graph">#FF5622</color>-->

    <!--训练计划六个阶段颜色-->
    <color name="train_plan_stage_first">#0CB4E8</color>
    <color name="train_plan_stage_second">#0C7EE8</color>
    <color name="train_plan_stage_third">#E8B70C</color>
    <color name="train_plan_stage_fourth">#E84F0C</color>
    <color name="train_plan_stage_fifth">#AC0CE8</color>
    <color name="train_plan_stage_sixth">#0CE893</color>

    <!--手表管理界面颜色-->
    <color name="watch_manage_white">#F5F5F5</color>
    <color name="watch_dark">#666666</color>
    <color name="watch_circle_text">#999999</color>
    <color name="watch_find_phone_dark">#cc818182</color>


    <!--扫描控件颜色-->
    <!--<color name="viewfinder_frame">#ff000000</color>-->
    <!--<color name="viewfinder_laser">#ffff0000</color>-->
    <color name="viewfinder_mask">#60000000</color>

    <!--<color name="result_text">#ffffffff</color>-->
    <color name="result_view">#b0000000</color>
    <color name="possible_result_points">#c0ffff00</color>

    <color name="scan_corner_color">#0effc2</color>
    <color name="red_e13c50">#e13c50</color>
    <color name="yellow_ff8a23">#ff8a23</color>
    <color name="black_1e1d23">#1e1d23</color>
    <color name="white_c4c4c4">#c4c4c4</color>
    <color name="black_14141e">#14141e</color>
    <!--<color name="black_403E45">#403E45</color>-->
    <color name="white_c8c8c8">#c8c8c8</color>
    <color name="white_fbfbfb">#fbfbfb</color>
    <!--<color name="white_fefefe">#fefefe</color>-->
    <color name="yellow_ccff8b22">#ccff8b22</color>
    <color name="gray_cc878395">#cc878395</color>
    <color name="black_1e1d26">#1e1d26</color>
    <color name="black_28272f">#28272f</color>
    <color name="black_1e1d24">#1e1d24</color>
    <!--<color name="black_1c1c1e">#1c1c1e</color>-->
    <color name="white_e3e3e3">#e3e3e3</color>
    <color name="white_c8c7c7">#c8c7c7</color>
    <color name="black_ccc1c1c1">#ccc1c1c1</color>
    <color name="black_cca9a9ac">#cca9a9ac</color>
    <color name="black_ccc8a585">#ccc8a585</color>
    <color name="white_ffffff">#ffffff</color>
    <color name="black_66ffffff">#66ffffff</color>
    <color name="black_3f3e44">#3f3e44</color>
    <color name="white_c1c1c1">#c1c1c1</color>
    <color name="black_707070">#707070</color>
    <color name="green_a65ed977">#a65ed977</color>
    <color name="orange_a68f67e2">#a68f67e2</color>
    <color name="red_a6f26b6b">#a6f26b6b</color>
    <color name="yellow_A37C4A">#A37C4A</color>
    <color name="black_252428">#252428</color>
    <color name="black_545454">#545454</color>
    <color name="yellow_c8a585">#c8a585</color>
    <color name="black_a9a9a9">#a9a9a9</color>
    <color name="black_151517">#151517</color>
    <color name="bronze_1E4B45">#1E4B45</color>
    <color name="silver_7C888D">#7C888D</color>
    <color name="gold_8A7139">#8A7139</color>
    <color name="platinum_47687A">#47687A</color>
    <color name="diamond_6A6990">#6A6990</color>
    <color name="gold_ACA17C">#ACA17C</color>
    <color name="platinum_89A2AB">#89A2AB</color>
    <color name="diamond_8D8B97">#8D8B97</color>
    <!--<color name="red_ee5656">#ee5656</color>-->
    <!--<color name="green_5eb9e9">#5eb9e9</color>-->
    <color name="black_aaaaab">#aaaaab</color>
    <color name="white_f5f2fa">#f5f2fa</color>
    <color name="white_c1c1c4">#c1c1c4</color>
    <color name="white_bfbfbf">#bfbfbf</color>
    <color name="black_878395">#878395</color>
    <color name="black_a8a8ab">#a8a8ab</color>
    <color name="black_5c5c5c">#5c5c5c</color>
    <color name="color_6c85f4">#6c85f4</color>
    <color name="color_8e65e3">#8e65e3</color>
    <color name="color_ecb267">#ecb267</color>
    <color name="color_af3d53">#af3d53</color>
    <color name="color_61da66">#61da66</color>
    <color name="color_47e2c6">#47e2c6</color>
    <color name="color_dd7a21">#dd7a21</color>

</resources>
