<resources>
    <!-- Default screen margins, per the Android Design guidelines. -->
    <!--<dimen name="activity_horizontal_margin">0dp</dimen>-->
    <!--<dimen name="activity_vertical_margin">0dp</dimen>-->

    <!-- ActionBar -->
    <dimen name="bottom_bar_height">48dp</dimen>
    <!--<dimen name="actionbar_height">48dp</dimen>-->
    <!--<dimen name="actionbar_button_width">45dp</dimen>-->
    <!--<dimen name="actionbar_title_text_size">18sp</dimen>-->

    <!-- Default element margin or padding -->
    <dimen name="element_margin">8dp</dimen>
    <dimen name="element_padding">8dp</dimen>
    <dimen name="element_drawablePadding">4dp</dimen>

    <!-- Text size  google advice-->
    <dimen name="text_size_xlarge">40dp</dimen>
    <dimen name="text_size_large">22dp</dimen>
    <dimen name="text_size_big">20dp</dimen>
    <dimen name="text_size_normal">18dp</dimen>
    <dimen name="text_size_middle">16dp</dimen>
    <dimen name="text_size_small">14dp</dimen>
    <dimen name="text_size_tiny">12dp</dimen>

    <dimen name="activity_main_nav_radio_text">18dp</dimen>
    <dimen name="activity_play_song_nav_checkbox_text">13dp</dimen>

    <!--<dimen name="text_size_xlarge">40sp</dimen>-->
    <!--<dimen name="text_size_large">22sp</dimen>-->
    <!--<dimen name="text_size_normal">18sp</dimen>-->
    <!--<dimen name="text_size_middle">16sp</dimen>-->
    <!--<dimen name="text_size_small">14sp</dimen>-->
    <!--<dimen name="text_size_tiny">12sp</dimen>-->

    <!--<dimen name="activity_main_nav_radio_text">18sp</dimen>-->
    <!--<dimen name="activity_play_song_nav_checkbox_text">13sp</dimen>-->


    <!-- Sport music grid view -->
    <!--<dimen name="gv_sport_music_vertical_spacing">15dp</dimen>-->
    <!--<dimen name="gv_sport_music_horizontal_spacing">11dp</dimen>-->
    <!--<dimen name="gv_album_item_width">92dp</dimen>-->
    <!--<dimen name="gv_album_item_height">122dp</dimen>-->

    <!-- Club grid view -->
    <dimen name="gv_club_vertical_spacing">10dp</dimen>
    <dimen name="gv_club_horizontal_spacing">10dp</dimen>
    <dimen name="gv_club_item_width">90dp</dimen>
    <dimen name="gv_club_item_height">120dp</dimen>
    <!--<dimen name="text_margin">16dp</dimen>-->
    <dimen name="club_notice_width">350dp</dimen>


    <!--Activity run record-->
    <!--<dimen name="activity_run_record_mapview_height">230dp</dimen>-->
    <!--<dimen name="fab_margin">16dp</dimen>-->

    <!--<dimen name="popup_dialog_photo_item_height">65dp</dimen>-->
    <!--<dimen name="popup_dialog_photo_item_space">10dp</dimen>-->
    <!--<dimen name="popup_dialog_photo_text_size">20sp</dimen>-->
    <!--<dimen name="setting_main_logout_vertical_margin">17dp</dimen>-->
    <!--<dimen name="accessories_list_divider_height">1dp</dimen>-->
    <!--<dimen name="accessories_list_padding_top">20dp</dimen>-->
    <!--<dimen name="alert_width">290dp</dimen>-->
    <!--<dimen name="common_circle_width">3dp</dimen>-->
    <!--<dimen name="progress_circle_radius">34dp</dimen>-->
    <!--<dimen name="weixin_sport_padding_top">150dp</dimen>-->

    <!--activity club detail-->
    <dimen name="activity_club_detail_temp_margin_top">152dp</dimen>
    <dimen name="activity_club_detail_header_height">270dp</dimen>
    <dimen name="activity_club_detail_club_cover_height">200dp</dimen>
    <dimen name="activity_club_detail_info_height">70dp</dimen>
    <dimen name="list_club_member_board_width">90dp</dimen>
    <dimen name="list_club_member_board_height">120dp</dimen>
    <dimen name="list_club_member_board_avatar_width">86dp</dimen>

    <!--fragment mine-->

    <dimen name="heart_rate_activity_heart_rate_detect_progress_width">230dp</dimen>
    <dimen name="heart_rate_activity_heart_rate_detect_progress_height">230dp</dimen>

    <dimen name="fm_mine_record_distance_dashboard_width">280dp</dimen>
    <dimen name="fm_mine_record_distance_dashboard_height">280dp</dimen>


    <dimen name="fm_mine_record_distance_dashboard_width_with_space">310dp</dimen>
    <dimen name="fm_mine_record_distance_dashboard_height_with_space">310dp</dimen>

    <!--activity play music-->
    <!--<dimen name="activity_play_music_album_frame_width">240dp</dimen>-->
    <!--<dimen name="activity_play_music_album_width">171dp</dimen>-->

    <!--fragment run main music-->
    <dimen name="fm_run_main_music_distance_text_size">65dp</dimen>
    <!--run setting-->
    <dimen name="run_setting_wheel_size">36dp</dimen>
    <dimen name="skip_setting_wheel_size">18dp</dimen>
    <!--==========================material dialog ============================-->
    <!-- Margin around the dialog, excluding the button bar -->
    <dimen name="md_dialog_frame_margin">24dp</dimen>
    <!-- Total title margin bottom is 16, but we split this between content and title -->
    <dimen name="md_title_frame_margin_bottom">12dp</dimen>
    <dimen name="md_title_frame_margin_bottom_less">6dp</dimen>
    <!-- The desired padding when no title is visible,
         This plus md_content_padding_top should equals md_dialog_frame_margin -->
    <dimen name="md_notitle_vertical_padding">16dp</dimen>
    <dimen name="md_content_padding_top">8dp</dimen>
    <!--<dimen name="md_simplelistitem_padding_top">8dp</dimen>-->
    <dimen name="md_button_min_width">72dp</dimen>
    <!-- Above and below buttons, 36+6+6=48 for the height of the button frame -->
    <dimen name="md_button_inset_vertical">6dp</dimen>
    <dimen name="md_button_inset_horizontal">4dp</dimen>
    <dimen name="md_button_textpadding_horizontal">1dp</dimen>
    <dimen name="md_button_padding_horizontal">8dp</dimen>
    <dimen name="md_button_padding_vertical">4dp</dimen>
    <!--<dimen name="md_button_padding_horizontal_internalexternal">32dp</dimen>-->
    <!-- 16dp - 4dp (inset from background drawable) -->
    <dimen name="md_button_padding_frame_side">12dp</dimen>
    <dimen name="md_neutral_button_margin">12dp</dimen>

    <!-- actual content padding bottom is 16dp, but we split between button bar and content -->
    <dimen name="md_content_padding_bottom">8dp</dimen>
    <dimen name="md_button_frame_vertical_padding">8dp</dimen>
    <dimen name="md_button_height">48dp</dimen>
    <dimen name="md_title_textsize">20sp</dimen>
    <dimen name="md_content_textsize">16sp</dimen>
    <dimen name="md_button_textsize">14sp</dimen>
    <dimen name="md_listitem_textsize">16sp</dimen>
    <dimen name="md_listitem_height">48dp</dimen>
    <dimen name="md_listitem_control_margin">6dp</dimen>
    <dimen name="md_icon_margin">16dp</dimen>
    <dimen name="md_icon_max_size">48dp</dimen>
    <dimen name="md_listitem_margin_left">24dp</dimen>
    <dimen name="md_action_corner_radius">2dp</dimen>
    <dimen name="md_divider_height">1dp</dimen>
    <dimen name="md_bg_corner_radius">2dp</dimen>
    <!--<dimen name="circular_progress_border">4dp</dimen>-->
    <dimen name="md_listitem_vertical_margin">12dp</dimen>
    <dimen name="md_listitem_vertical_margin_choice">8dp</dimen>

    <!--==========================material date time picker ============================-->
    <item name="mdtp_circle_radius_multiplier" format="float" type="string">0.82</item>
    <item name="mdtp_circle_radius_multiplier_24HourMode" format="float" type="string">0.85</item>
    <item name="mdtp_selection_radius_multiplier" format="float" type="string">0.16</item>
    <item name="mdtp_ampm_circle_radius_multiplier" format="float" type="string">0.22</item>
    <item name="mdtp_numbers_radius_multiplier_normal" format="float" type="string">0.81</item>
    <item name="mdtp_numbers_radius_multiplier_inner" format="float" type="string">0.60</item>
    <item name="mdtp_numbers_radius_multiplier_outer" format="float" type="string">0.83</item>
    <item name="mdtp_text_size_multiplier_normal" format="float" type="string">0.12</item>
    <item name="mdtp_text_size_multiplier_inner" format="float" type="string">0.11</item>
    <item name="mdtp_text_size_multiplier_outer" format="float" type="string">0.08</item>

    <dimen name="mdtp_time_label_size">60sp</dimen>
    <dimen name="mdtp_time_label_subscript_size">30sp</dimen>
    <dimen name="mdtp_time_label_shift">-12dp</dimen>
    <dimen name="mdtp_extra_time_label_margin">-30dp</dimen>
    <dimen name="mdtp_ampm_label_size">16sp</dimen>
    <!--<dimen name="mdtp_done_label_size">14sp</dimen>-->
    <dimen name="mdtp_ampm_left_padding">6dip</dimen>
    <dimen name="mdtp_separator_padding">4dip</dimen>
    <dimen name="mdtp_header_height">96dip</dimen>
    <!--<dimen name="mdtp_footer_height">48dip</dimen>-->
    <!--<dimen name="mdtp_minimum_margin_sides">48dip</dimen>-->
    <!--<dimen name="mdtp_minimum_margin_top_bottom">24dip</dimen>-->
    <dimen name="mdtp_picker_dimen">270dip</dimen>
    <dimen name="mdtp_time_picker_height">300dip</dimen>

    <dimen name="mdtp_date_picker_component_width">270dp</dimen>
    <!--<dimen name="mdtp_date_picker_header_height">30dp</dimen>-->
    <!--<dimen name="mdtp_selected_calendar_layout_height">155dp</dimen>-->
    <dimen name="mdtp_selected_date_height">140dp</dimen>
    <dimen name="mdtp_date_picker_view_animator_height">252dp</dimen>
    <!--<dimen name="mdtp_done_button_height">42dp</dimen>-->

    <dimen name="mdtp_month_list_item_header_height">56dp</dimen>
    <dimen name="mdtp_month_day_label_text_size">12sp</dimen>
    <dimen name="mdtp_day_number_select_circle_radius">16dp</dimen>
    <!--<dimen name="mdtp_month_select_circle_radius">45dp</dimen>-->
    <dimen name="mdtp_selected_date_year_size">25sp</dimen>
    <dimen name="mdtp_selected_date_day_size">70sp</dimen>
    <dimen name="mdtp_selected_date_month_size">25sp</dimen>
    <!--<dimen name="mdtp_date_picker_header_text_size">12sp</dimen>-->
    <dimen name="mdtp_time_picker_header_text_size">12sp</dimen>
    <dimen name="mdtp_month_label_size">14sp</dimen>
    <dimen name="mdtp_day_number_size">12sp</dimen>
    <dimen name="mdtp_year_label_height">64dp</dimen>
    <dimen name="mdtp_year_label_text_size">22sp</dimen>

    <dimen name="mdtp_material_button_height">48dp</dimen>
    <dimen name="mdtp_material_button_textsize">14sp</dimen>
    <dimen name="mdtp_material_button_minwidth">64dp</dimen>
    <dimen name="mdtp_material_button_textpadding_horizontal">8dp</dimen>
    <dimen name="text_size_chart">10sp</dimen>
    <dimen name="text_size_chart_error">15sp</dimen>
    <dimen name="axis_width_chart">1px</dimen>
    <dimen name="bassel_width_chart">2sp</dimen>
    <dimen name="rank_chart_text_h_space">10dp</dimen>
    <dimen name="rank_chart_chart_h_space">50dp</dimen>
    <dimen name="rank_chart_text_v_space">10dp</dimen>
    <dimen name="rank_chart_chart_v_space">20dp</dimen>

    <!--uCrop Activity-->
    <!--<dimen name="ucrop_padding_crop_frame">16dp</dimen>-->
    <!--<dimen name="ucrop_size_dot_scale_text_view">8dp</dimen>-->
    <!--<dimen name="ucrop_height_horizontal_wheel_progress_line">20dp</dimen>-->
    <!--<dimen name="ucrop_width_horizontal_wheel_progress_line">2dp</dimen>-->
    <!--<dimen name="ucrop_margin_horizontal_wheel_progress_line">10dp</dimen>-->
    <!--<dimen name="ucrop_height_wrapper_controls">64dp</dimen>-->
    <!--<dimen name="ucrop_height_wrapper_states">72dp</dimen>-->
    <!--<dimen name="ucrop_height_divider_shadow">3dp</dimen>-->
    <!--<dimen name="ucrop_text_size_widget_text">13sp</dimen>-->
    <!--<dimen name="ucrop_margit_top_widget_text">10sp</dimen>-->
    <!--<dimen name="ucrop_size_wrapper_rotate_button">50dp</dimen>-->
    <!--<dimen name="ucrop_height_crop_aspect_ratio_text">40dp</dimen>-->

    <!--Crop View-->
    <!--<dimen name="ucrop_default_crop_grid_stoke_width">1dp</dimen>-->
    <!--<dimen name="ucrop_default_crop_frame_stoke_width">1dp</dimen>-->
    <dimen name="fitmix_line_width">4dp</dimen>

    <!--D-light-->
    <dimen name="radio_button_checked">20sp</dimen>
    <dimen name="radio_button_normal">16sp</dimen>

    <dimen name="cp_dialog_width">200dp</dimen>
    <dimen name="cp_dialog_height">300dp</dimen>

</resources>
