<?xml version="1.0" encoding="utf-8"?>
<resources>
    <!--关注新浪微博-->
    <item name="ATTENTION_VIEW_ID" type="id"/>

    <item name="swipe_target" type="id" />
    <item name="swipe_refresh_header" type="id" />
    <item name="swipe_load_more_footer" type="id" />
    <item name="swipe_target_empty" type="id" />

    <item name="crop_image_menu_crop" type="drawable"/>



    <!--二维码扫描,Messages IDs -->
    <item type="id" name="auto_focus"/>
    <item type="id" name="decode"/>
    <item type="id" name="decode_failed"/>
    <item type="id" name="decode_succeeded"/>
    <item type="id" name="encode_failed"/>
    <item type="id" name="encode_succeeded"/>
    <item type="id" name="launch_product_query"/>
    <item type="id" name="quit"/>
    <item type="id" name="restart_preview"/>
    <item type="id" name="return_scan_result"/>
    <item type="id" name="search_book_contents_failed"/>
    <item type="id" name="search_book_contents_succeeded"/>

</resources>

