<resources xmlns:tools="http://schemas.android.com/tools">

    <!-- Base application theme. -->
    <style name="AppTheme" parent="Base.Theme.AppCompat.Light.DarkActionBar">
        <!-- toolbar 背景色 -->
        <item name="colorPrimary">@color/colorPrimary</item>
        <!-- toolbar 系统状态栏背景-->
        <item name="colorPrimaryDark">@color/colorPrimaryDark</item>
        <!-- toolbar 文字颜色-->
        <item name="android:textColorPrimary">@color/textColorPrimary</item>
        <!-- 对应EditText编辑时、RadioButton选中、CheckBox等选中时的颜色-->
        <item name="colorAccent">@color/colorAccent</item>
        <!-- toolbar 返回图标-->
        <item name="android:homeAsUpIndicator">@drawable/toolbar_back</item>
        <!-- 对话框样式-->
        <item name="android:alertDialogTheme">@style/AppCompatAlertDialog</item>

        <item name="android:colorForeground">@color/white_new_text</item>
        <!-- enable window content transitions -->
        <item name="android:windowActivityTransitions" tools:targetApi="lollipop">true</item>
    </style>

    <style name="AppTheme.NoActionBar" parent="AppTheme">
        <item name="windowActionBar">false</item>
        <item name="windowNoTitle">true</item>
        <item name="android:windowBackground">@color/fitmix_white</item>
    </style>

    <style name="AppTheme.NoActionBar.DarkBackground" parent="AppTheme">
        <item name="windowActionBar">false</item>
        <item name="windowNoTitle">true</item>
        <item name="android:windowBackground">@color/windowDarkBackground</item>
    </style>

    <style name="AppTheme.ActionBar" parent="Theme.AppCompat.Light.DarkActionBar">
        <item name="actionMenuTextColor">@color/textColorPrimary</item>
    </style>

    <style name="ContestantInfoTextStyle">
        <item name="android:layout_width">wrap_content</item>
        <item name="android:layout_height">match_parent</item>
        <item name="android:layout_gravity">left</item>
        <item name="android:textSize">@dimen/text_size_middle</item>
        <item name="android:textColor">@color/white_new_text</item>
        <item name="android:gravity">center_vertical</item>
    </style>

    <style name="ContestantInfoTitleStyle">
        <item name="android:layout_width">match_parent</item>
        <item name="android:layout_height">35dp</item>
        <item name="android:paddingLeft">10dp</item>
        <item name="android:textSize">@dimen/text_size_normal</item>
        <item name="android:textColor">@color/white_cloud_text</item>
        <item name="android:gravity">center_vertical</item>
        <!--<item name="android:background">@drawable/round_corner_white_edit_bg</item>-->
    </style>

    <style name="ContestantStyle">
        <item name="android:layout_width">match_parent</item>
        <item name="android:layout_height">35dp</item>
        <item name="android:paddingLeft">10dp</item>
        <item name="android:textColor">@color/fitmix_light_gray</item>
        <item name="android:layout_gravity">right</item>
        <!--<item name="android:background">@color/fitmix_bg_black</item>-->
    </style>

    <style name="ContestantInfoEditStyle">
        <item name="android:layout_width">match_parent</item>
        <item name="android:layout_height">match_parent</item>
        <item name="android:textColor">@color/white_cloud_text</item>
        <item name="android:textColorHint">@color/white_new_text</item>
        <item name="android:layout_marginLeft">10dp</item>
        <item name="android:layout_marginRight">10dp</item>
        <item name="android:textSize">@dimen/text_size_middle</item>
        <item name="android:singleLine">true</item>
        <item name="android:layout_gravity">end</item>
        <item name="android:paddingRight">10dp</item>
        <item name="android:gravity">end|center_vertical</item>
        <item name="android:background">@null</item>
        <item name="android:textCursorDrawable">@null</item>
    </style>

    <!--<style name="ContestantInfoTextStyle2">-->
    <!--<item name="android:layout_width">match_parent</item>-->
    <!--<item name="android:layout_height">match_parent</item>-->
    <!--<item name="android:layout_marginLeft">10dp</item>-->
    <!--<item name="android:layout_marginRight">10dp</item>-->
    <!--<item name="android:gravity">end|center_vertical</item>-->
    <!--<item name="android:textColor">@color/white_cloud_text</item>-->
    <!--<item name="android:textSize">@dimen/text_size_middle</item>-->
    <!--&lt;!&ndash;<item name="android:background">@color/fitmix_bg_black</item>&ndash;&gt;-->
    <!--</style>-->

    <style name="ContestantInfoSpinerStyle">
        <item name="android:layout_width">wrap_content</item>
        <item name="android:layout_height">35dp</item>
        <item name="android:layout_marginRight">5dp</item>
        <!--<item name="android:paddingRight">40dp</item>-->
        <item name="android:spinnerMode">dialog</item>
        <item name="android:background">@null</item>
        <item name="android:gravity">end</item>
        <item name="android:layout_gravity">end|center_vertical</item>
    </style>

    <style name="SiriSettingSpinerStyle">
        <item name="android:layout_width">wrap_content</item>
        <item name="android:layout_height">35dp</item>
        <item name="android:layout_marginRight">10dp</item>
        <item name="android:paddingRight">20dp</item>
        <item name="android:background">@null</item>
        <item name="android:gravity">end</item>
        <item name="android:layout_gravity">end|center_vertical</item>
    </style>

    <style name="DialogTextStyle">
        <item name="android:layout_width">wrap_content</item>
        <item name="android:layout_height">wrap_content</item>
        <item name="android:gravity">center_vertical</item>
        <item name="android:textColor">#ffffff</item>
        <item name="android:textSize">@dimen/text_size_middle</item>
    </style>

    <style name="Wallpaper" parent="Base.Theme.AppCompat">
        <item name="android:windowShowWallpaper">true</item>
        <item name="android:windowFullscreen">true</item>
        <item name="windowNoTitle">true</item>
        <item name="android:windowAnimationStyle">@null</item>
        <item name="android:windowContentOverlay">@null</item>
        <item name="android:windowBackground">@color/transparent</item>

    </style>

    <style name="AppTheme.NoActionBar.Splash" parent="AppTheme">
        <item name="windowActionBar">false</item>
        <item name="windowNoTitle">true</item>
        <item name="android:windowBackground">@drawable/splash_bg</item>
    </style>

    <!--<style name="AppTheme.AppBarOverlay" parent="ThemeOverlay.AppCompat.Dark.ActionBar"/>-->

    <!--<style name="AppTheme.PopupOverlay" parent="ThemeOverlay.AppCompat.Light"/>-->

    <!--<style name="Activity.Translucent" parent="AppTheme.NoActionBar">-->
        <!--<item name="android:windowBackground">@color/transparent</item>-->
        <!--<item name="android:colorBackgroundCacheHint">@null</item>-->
        <!--<item name="android:windowIsTranslucent">true</item>-->
        <!--<item name="android:windowContentOverlay">@null</item>-->
    <!--</style>-->

    <!--<style name="CustomTabLayout" parent="Widget.Design.TabLayout">-->
    <!--<item name="tabIndicatorColor">?attr/colorAccent</item>-->
    <!--<item name="tabIndicatorHeight">2dp</item>-->
    <!--<item name="tabPaddingStart">12dp</item>-->
    <!--<item name="tabPaddingEnd">12dp</item>-->
    <!--<item name="tabBackground">?attr/selectableItemBackground</item>-->
    <!--<item name="tabTextAppearance">@style/CustomTabTextAppearance</item>-->
    <!--<item name="tabSelectedTextColor">?attr/colorAccent</item>-->
    <!--</style>-->

    <!--<style name="CustomTabTextAppearance" parent="TextAppearance.Design.Tab">-->
        <!--<item name="android:textSize">@dimen/text_size_middle</item>-->
        <!--<item name="android:textColor">@color/gray_new_text</item>-->
        <!--<item name="textAllCaps">true</item>-->
    <!--</style>-->

    <style name="AppCompatAlertDialog" parent="Theme.AppCompat.Dialog.Alert">
        <item name="colorAccent">#FF8B22</item>
        <item name="android:textColorPrimary">@color/white_text</item>
        <item name="android:background">@color/colorPrimary</item>
        <item name="android:textColor">@color/white_text</item>
        <item name="android:editTextColor">@color/white_text</item>
        <item name="android:textSize">@dimen/text_size_normal</item>
        <item name="android:radius">5dp</item>
    </style>

    <style name="AppCompatDialog" parent="Theme.AppCompat.Light">
        <item name="windowActionBar">false</item>
        <item name="windowNoTitle">true</item>

        <item name="android:windowFrame">@null</item>
        <item name="android:windowNoTitle">true</item>
        <item name="android:windowIsFloating">true</item>
        <item name="android:windowIsTranslucent">true</item>
        <item name="android:windowContentOverlay">@null</item>
        <item name="android:windowAnimationStyle">@android:style/Animation.Dialog</item>
        <item name="android:backgroundDimEnabled">true</item>
        <item name="android:windowCloseOnTouchOutside">false</item>

        <item name="android:layout_width">match_parent</item>
        <item name="android:layout_height">match_parent</item>
        <item name="android:background">@color/transparent</item>
        <item name="android:layout_gravity">center</item>
    </style>

    <style name="QuestRewardsDialog" parent="Theme.AppCompat.Light">
        <item name="android:windowFrame">@null</item>
        <item name="android:windowNoTitle">true</item>
        <item name="android:windowIsFloating">true</item>
        <item name="android:windowIsTranslucent">true</item>
        <item name="android:windowContentOverlay">@null</item>
        <item name="android:backgroundDimEnabled">true</item>

        <item name="android:layout_width">match_parent</item>
        <item name="android:layout_height">wrap_content</item>
        <item name="android:background">@color/colorPrimary</item>
        <item name="android:windowEnterAnimation">@anim/popup_enter</item>
        <item name="android:windowExitAnimation">@anim/popup_exit</item>
        <item name="android:layout_gravity">center_horizontal</item>
        <item name="android:radius">5dp</item>
    </style>

    <style name="AppCompatAlertDialogSlide" parent="Theme.AppCompat.Light">
        <item name="android:layout_width">match_parent</item>
        <item name="android:layout_height">wrap_content</item>
        <item name="android:windowIsFloating">true</item>
        <item name="android:windowEnterAnimation">@anim/slide_up</item>
        <item name="android:windowExitAnimation">@anim/slide_down</item>
        <item name="android:layout_gravity">center_horizontal</item>
    </style>

    <style name="MD_Light" parent="Theme.AppCompat.Light.Dialog.Alert">
        <item name="md_divider">@color/md_divider_black</item>
        <item name="md_list_selector">@drawable/md_selector</item>
        <item name="md_btn_stacked_selector">@drawable/md_selector</item>
        <item name="md_btn_positive_selector">@drawable/md_btn_selector</item>
        <item name="md_btn_neutral_selector">@drawable/md_btn_selector</item>
        <item name="md_btn_negative_selector">@drawable/md_btn_selector</item>

        <item name="android:windowAnimationStyle">@style/MD_WindowAnimation</item>
        <item name="android:backgroundDimEnabled">true</item>
    </style>

    <style name="MD_Dark" parent="Theme.AppCompat.Dialog.Alert">
        <item name="md_divider">@color/md_divider_white</item>
        <item name="md_list_selector">@drawable/md_selector_dark</item>
        <item name="md_btn_stacked_selector">@drawable/md_selector_dark</item>
        <item name="md_btn_positive_selector">@drawable/md_btn_selector_dark</item>
        <item name="md_btn_neutral_selector">@drawable/md_btn_selector_dark</item>
        <item name="md_btn_negative_selector">@drawable/md_btn_selector_dark</item>

        <item name="android:windowAnimationStyle">@style/MD_WindowAnimation</item>
        <item name="android:backgroundDimEnabled">true</item>
    </style>

    <!--<style name="MD_ActionButtonStacked" parent="@style/MD_ActionButton" tools:ignore="NewApi">-->
        <!--<item name="android:layout_width">match_parent</item>-->
        <!--<item name="android:paddingLeft">@dimen/md_button_padding_horizontal_internalexternal</item>-->
        <!--<item name="android:paddingStart">@dimen/md_button_padding_horizontal_internalexternal-->
        <!--</item>-->
        <!--<item name="android:paddingRight">@dimen/md_button_padding_horizontal_internalexternal-->
        <!--</item>-->
        <!--<item name="android:paddingEnd">@dimen/md_button_padding_horizontal_internalexternal</item>-->
    <!--</style>-->

    <style name="MD_ActionButton">
        <item name="android:layout_width">wrap_content</item>
        <item name="android:layout_height">@dimen/md_button_height</item>
        <item name="android:layout_gravity">center_vertical</item>
        <item name="android:focusable">true</item>
    </style>

    <style name="MD_ActionButton.Text" tools:ignore="NewApi">
        <item name="android:textSize">@dimen/md_button_textsize</item>
        <item name="android:singleLine">true</item>
        <item name="android:layout_gravity">center_vertical</item>
        <item name="android:gravity">center</item>
        <item name="android:stateListAnimator">@null</item>
        <item name="android:background">@null</item>
        <item name="android:minWidth">@dimen/md_button_min_width</item>
        <item name="android:paddingLeft">@dimen/md_button_textpadding_horizontal</item>
        <item name="android:paddingRight">@dimen/md_button_textpadding_horizontal</item>
    </style>

    <style name="MD_WindowAnimation">
        <item name="android:windowEnterAnimation">@anim/popup_enter</item>
        <item name="android:windowExitAnimation">@anim/popup_exit</item>
    </style>

    <!--<style name="Widget.MaterialProgressBar.ProgressBar.Horizontal" parent="android:Widget.ProgressBar.Horizontal">-->
        <!--&lt;!&ndash;-->
        <!--Disabled for correct behavior on Android 4.x-->
        <!--<item name="android:progressDrawable">@null</item>-->
        <!--&ndash;&gt;-->
        <!--<item name="android:indeterminateDrawable">@null</item>-->
        <!--<item name="android:minHeight">16dp</item>-->
        <!--<item name="android:maxHeight">16dp</item>-->
    <!--</style>-->

    <!--<style name="Widget.MaterialProgressBar.ProgressBar.Horizontal.NoPadding">-->
        <!--<item name="android:minHeight">3.2dp</item>-->
        <!--<item name="android:maxHeight">3.2dp</item>-->
    <!--</style>-->

    <!--<style name="Widget.MaterialProgressBar.ProgressBar" parent="android:Widget.ProgressBar">-->
        <!--<item name="android:indeterminateDrawable">@null</item>-->
        <!--<item name="android:minWidth">48dp</item>-->
        <!--<item name="android:maxWidth">48dp</item>-->
        <!--<item name="android:minHeight">48dp</item>-->
        <!--<item name="android:maxHeight">48dp</item>-->
    <!--</style>-->

    <!--<style name="Widget.MaterialProgressBar.ProgressBar.NoPadding">-->
        <!--<item name="android:minWidth">42dp</item>-->
        <!--<item name="android:maxWidth">42dp</item>-->
        <!--<item name="android:minHeight">42dp</item>-->
        <!--<item name="android:maxHeight">42dp</item>-->
    <!--</style>-->

    <!--<style name="Widget.MaterialProgressBar.ProgressBar.Large">-->
        <!--<item name="android:minWidth">76dp</item>-->
        <!--<item name="android:maxWidth">76dp</item>-->
        <!--<item name="android:minHeight">76dp</item>-->
        <!--<item name="android:maxHeight">76dp</item>-->
    <!--</style>-->

    <!--<style name="Widget.MaterialProgressBar.ProgressBar.Large.NoPadding">-->
        <!--<item name="android:minWidth">66.5dp</item>-->
        <!--<item name="android:maxWidth">66.5dp</item>-->
        <!--<item name="android:minHeight">66.5dp</item>-->
        <!--<item name="android:maxHeight">66.5dp</item>-->
    <!--</style>-->

    <!--<style name="Widget.MaterialProgressBar.ProgressBar.Small">-->
        <!--<item name="android:minWidth">16dp</item>-->
        <!--<item name="android:maxWidth">16dp</item>-->
        <!--<item name="android:minHeight">16dp</item>-->
        <!--<item name="android:maxHeight">16dp</item>-->
    <!--</style>-->

    <!--<style name="Widget.MaterialProgressBar.ProgressBar.Small.NoPadding">-->
        <!--<item name="android:minWidth">14dp</item>-->
        <!--<item name="android:maxWidth">14dp</item>-->
        <!--<item name="android:minHeight">14dp</item>-->
        <!--<item name="android:maxHeight">14dp</item>-->
    <!--</style>-->

    <style name="common_yellow_bold_button">
        <item name="android:layout_width">wrap_content</item>
        <item name="android:layout_height">wrap_content</item>
        <item name="android:background">@drawable/yellow_bold_button_bg</item>
        <item name="android:textColor">@color/full_white_text</item>
        <item name="android:textSize">18sp</item>
    </style>

    <!--<style name="common_yellow_parallelogram_bold_button">-->
    <!--<item name="android:layout_width">wrap_content</item>-->
    <!--<item name="android:layout_height">wrap_content</item>-->
    <!--<item name="android:background">@drawable/yellow_bold_parallelogram_button_bg</item>-->
    <!--<item name="android:textColor">@color/full_white_text</item>-->
    <!--<item name="android:textSize">18sp</item>-->
    <!--</style>-->

    <style name="activity_login_radiobutton">
        <item name="android:layout_width">91dp</item>
        <item name="android:layout_height">27dp</item>
        <item name="android:gravity">center</item>
        <item name="android:button">@null</item>
        <item name="android:textColor">@drawable/regist_checkbox_text</item>
        <item name="android:textSize">@dimen/text_size_middle</item>
    </style>

    <style name="common_yellow_square_button">
        <item name="android:layout_height">42dp</item>
        <item name="android:background">@drawable/common_yellow_square_button_bg</item>
        <item name="android:textColor">@color/full_white_text</item>
        <item name="android:textSize">18sp</item>
    </style>

    <style name="common_yellow_square_button_alpha">
        <item name="android:layout_height">42dp</item>
        <item name="android:background">@drawable/common_yellow_square_button_bg_alpha</item>
        <item name="android:textColor">@color/fitmix_orange</item>
        <item name="android:textSize">18sp</item>
    </style>

    <style name="ripple_click_effect">
        <item name="android:layout_width">match_parent</item>
        <item name="android:layout_height">wrap_content</item>
        <item name="com.fitmix.sdk:mrl_rippleAlpha">0.2</item>
        <item name="com.fitmix.sdk:mrl_rippleColor">#585858</item>
        <item name="com.fitmix.sdk:mrl_rippleHover">true</item>
        <item name="com.fitmix.sdk:mrl_rippleOverlay">true</item>
        <item name="com.fitmix.sdk:mrl_rippleDelayClick">false</item>
    </style>

    <!--<style name="activity_login_edittext">-->
    <!--<item name="android:layout_width">280dp</item>-->
    <!--<item name="android:layout_height">wrap_content</item>-->
    <!--<item name="android:background">@drawable/common_edittext_bg</item>-->
    <!--<item name="android:paddingLeft">24dp</item>-->
    <!--<item name="android:drawablePadding">@dimen/element_drawablePadding</item>-->
    <!--<item name="android:textColorHint">@color/full_white_text</item>-->
    <!--<item name="android:gravity">center_vertical</item>-->
    <!--<item name="android:singleLine">true</item>-->
    <!--<item name="android:textColor">#C9C8D2</item>-->
    <!--<item name="android:textSize">@dimen/text_size_middle</item>-->
    <!--</style>-->

    <style name="activity_login_edittext">
        <item name="android:layout_width">295dp</item>
        <item name="android:layout_height">wrap_content</item>
        <item name="android:background">@drawable/common_edittext_bg</item>
        <item name="android:paddingRight">24dp</item>
        <item name="android:drawablePadding">5dp</item>
        <item name="android:layout_marginTop">22dp</item>
        <item name="android:textColorHint">@color/gray_text_hint</item>
        <item name="android:gravity">center_vertical</item>
        <item name="android:singleLine">true</item>
        <item name="android:textColor">@color/fitmix_white</item>
        <item name="android:textSize">@dimen/text_size_middle</item>
    </style>

    <style name="activity_main_mode_style">
        <item name="android:layout_width">0dp</item>
        <item name="android:layout_height">wrap_content</item>
        <item name="android:layout_weight">1</item>
        <item name="android:background">@color/card_board_bg</item>
        <item name="android:clickable">true</item>
        <item name="android:drawablePadding">10dp</item>
        <item name="android:onClick">doClick</item>
        <item name="android:padding">10dp</item>
        <item name="android:gravity">center_horizontal</item>
        <item name="android:textColor">@color/white_cloud_text</item>
        <item name="android:textSize">@dimen/text_size_small</item>
    </style>

    <style name="MyCheck_Box" parent="@android:style/Widget.CompoundButton.CheckBox">
        <item name="android:button">@drawable/regist_cb_bg</item>
        <item name="android:textSize">@dimen/text_size_small</item>
    </style>

    <style name="Get_Auth_Code_EditText">
        <item name="android:background">@drawable/edit_stroke_bg</item>
        <item name="android:layout_width">295dp</item>
        <item name="android:layout_height">34dp</item>
        <item name="android:layout_marginTop">22dp</item>
        <item name="android:hint">@string/activity_register_auth_code_hint</item>
        <item name="android:inputType">numberSigned</item>
        <item name="android:textColor">@color/full_white_text</item>
        <item name="android:textSize">@dimen/text_size_middle</item>
        <item name="android:textColorHint">@color/gray_text_hint</item>
        <item name="android:maxLength">8</item>
        <item name="android:paddingLeft">10dp</item>
    </style>

    <style name="Get_Auth_Code_Button">
        <item name="android:layout_width">100dp</item>
        <item name="android:layout_height">34dp</item>
        <item name="android:layout_marginLeft">195dp</item>
        <item name="android:background">@drawable/ic_auth_code_bg</item>
        <item name="android:onClick">doClick</item>
        <item name="android:textColor">@color/full_white_text</item>
        <item name="android:textSize">@dimen/text_size_small</item>
        <item name="android:layout_marginTop">22dp</item>
    </style>

    <style name="activity_login_text_button">
        <item name="android:layout_width">wrap_content</item>
        <item name="android:layout_height">wrap_content</item>
        <item name="android:textColor">@color/text_white_to_gray</item>
        <item name="android:textSize">@dimen/text_size_small</item>
        <item name="android:onClick">doClick</item>
    </style>

    <style name="activity_login_third_party_button">
        <item name="android:layout_width">40dp</item>
        <item name="android:layout_height">40dp</item>
        <item name="android:onClick">doClick</item>
    </style>


    <!--<style name="activity_register_edittext">-->
    <!--<item name="android:layout_width">280dp</item>-->
    <!--<item name="android:layout_height">wrap_content</item>-->
    <!--<item name="android:background">@drawable/common_edittext_bg</item>-->
    <!--<item name="android:paddingLeft">@dimen/element_padding</item>-->
    <!--<item name="android:drawablePadding">@dimen/element_drawablePadding</item>-->
    <!--<item name="android:textColorHint">@color/full_white_text</item>-->
    <!--<item name="android:gravity">center_vertical</item>-->
    <!--<item name="android:singleLine">true</item>-->
    <!--<item name="android:textColor">#8C8C8C</item>-->
    <!--<item name="android:textSize">@dimen/text_size_middle</item>-->
    <!--</style>-->

    <style name="activity_change_password_edittext">
        <item name="android:layout_width">295dp</item>
        <item name="android:layout_height">wrap_content</item>
        <item name="android:background">@drawable/common_edittext_bg</item>
        <item name="android:drawablePadding">@dimen/element_drawablePadding</item>
        <item name="android:textColorHint">@color/white_new_text</item>
        <item name="android:layout_gravity">center_horizontal</item>
        <item name="android:gravity">center_vertical</item>
        <item name="android:singleLine">true</item>
        <item name="android:textColor">#C9C8D2</item>
        <item name="android:textSize">@dimen/text_size_middle</item>
    </style>

    <style name="activity_edit_profile_item">
        <item name="android:layout_width">match_parent</item>
        <item name="android:layout_height">46dp</item>
        <item name="android:orientation">horizontal</item>
        <item name="android:background">@drawable/round_corner_stroke_black_bg</item>
        <item name="android:padding">6dp</item>
        <item name="android:paddingRight">16dp</item>
        <item name="android:layout_gravity">center_horizontal</item>
        <item name="android:gravity">center_vertical</item>
        <item name="android:layout_marginTop">8dp</item>
        <item name="android:layout_marginLeft">10dp</item>
        <item name="android:layout_marginRight">10dp</item>
    </style>

    <style name="activity_pair_skip_item_item">
        <item name="android:layout_width">match_parent</item>
        <item name="android:layout_height">46dp</item>
        <item name="android:orientation">horizontal</item>
        <item name="android:background">@drawable/round_corner_stroke_black_bg</item>
        <item name="android:padding">6dp</item>
        <item name="android:paddingRight">16dp</item>
        <item name="android:layout_gravity">center_horizontal</item>
        <item name="android:gravity">center_vertical</item>
        <item name="android:layout_marginTop">8dp</item>
        <item name="android:layout_marginLeft">10dp</item>
        <item name="android:layout_marginRight">10dp</item>
    </style>

    <style name="activity_edit_profile_textview">
        <item name="android:layout_width">match_parent</item>
        <item name="android:layout_height">match_parent</item>
        <item name="android:orientation">horizontal</item>
        <item name="android:drawableRight">@drawable/ic_more</item>
        <item name="android:textColor">@color/white_cloud_text</item>
        <item name="android:textSize">@dimen/text_size_small</item>
        <item name="android:drawablePadding">@dimen/element_padding</item>
        <item name="android:gravity">right|center_vertical</item>
    </style>

    <style name="activity_create_training_plan_item">
        <item name="android:layout_width">0dp</item>
        <item name="android:layout_weight">1</item>
        <item name="android:background">@drawable/btn_training_create_item</item>
        <item name="android:layout_height">40dp</item>
        <item name="android:textColor">@color/white_cloud_text</item>
        <item name="android:textSize">@dimen/text_size_small</item>
        <item name="android:gravity">center</item>
    </style>

    <!--<style name="activity_main_nav_radio">-->
        <!--<item name="android:layout_width">wrap_content</item>-->
        <!--<item name="android:layout_height">match_parent</item>-->
        <!--<item name="android:layout_marginLeft">3dp</item>-->
        <!--<item name="android:background">@android:color/transparent</item>-->
        <!--<item name="android:gravity">center_vertical</item>-->
        <!--<item name="android:button">@null</item>-->
        <!--<item name="android:textColor">@color/activity_main_nav_radio_text</item>-->
        <!--<item name="android:textSize">@dimen/activity_main_nav_radio_text</item>-->
    <!--</style>-->

    <!--<style name="fm_music_viewpager_indicator">-->
        <!--<item name="android:layout_width">91dp</item>-->
        <!--<item name="android:layout_height">32dp</item>-->
        <!--<item name="android:padding">2dp</item>-->
        <!--<item name="android:drawablePadding">2dp</item>-->
        <!--<item name="android:gravity">center</item>-->
        <!--<item name="android:button">@null</item>-->
        <!--<item name="android:textColor">@color/full_white_text</item>-->
        <!--<item name="android:textSize">@dimen/text_size_middle</item>-->
    <!--</style>-->

    <!--<style name="fm_music_download_radio">-->
        <!--<item name="android:layout_width">91dp</item>-->
        <!--<item name="android:layout_height">32dp</item>-->
        <!--<item name="android:padding">2dp</item>-->
        <!--<item name="android:drawablePadding">2dp</item>-->
        <!--<item name="android:gravity">center</item>-->
        <!--<item name="android:button">@null</item>-->
        <!--<item name="android:textColor">@color/full_white_text</item>-->
        <!--<item name="android:textSize">@dimen/text_size_middle</item>-->
    <!--</style>-->

    <style name="fm_album_detail_listview_item_menu_button">
        <item name="android:layout_width">65dp</item>
        <item name="android:layout_height">match_parent</item>
        <item name="android:gravity">center_vertical</item>
        <item name="android:textColor">@color/white_new_text</item>
        <item name="android:textSize">@dimen/text_size_tiny</item>
    </style>

    <style name="fm_album_detail_listview_item_menu_checkbox">
        <item name="android:layout_width">65dp</item>
        <item name="android:layout_height">wrap_content</item>
        <item name="android:background">@android:color/transparent</item>
        <item name="android:gravity">center_vertical</item>
        <item name="android:button">@null</item>
        <item name="android:textColor">@color/checkbox_text</item>
        <item name="android:textSize">@dimen/text_size_tiny</item>
    </style>

    <style name="fm_music_viewpager_my_music_item">
        <item name="android:layout_width">match_parent</item>
        <item name="android:layout_height">41dp</item>
        <item name="android:background">@android:color/transparent</item>
        <item name="com.fitmix.sdk:mrl_rippleAlpha">0.2</item>
        <item name="com.fitmix.sdk:mrl_rippleColor">#585858</item>
        <item name="com.fitmix.sdk:mrl_rippleHover">true</item>
        <item name="com.fitmix.sdk:mrl_rippleOverlay">true</item>
        <item name="com.fitmix.sdk:mrl_rippleDelayClick">false</item>
    </style>

    <style name="fm_music_viewpager_my_music_item_left">
        <item name="android:layout_width">0dp</item>
        <item name="android:layout_height">wrap_content</item>
        <item name="android:layout_weight">1</item>
        <item name="android:drawablePadding">@dimen/element_drawablePadding</item>
        <item name="android:gravity">center_vertical</item>
        <item name="android:textSize">@dimen/text_size_middle</item>
        <item name="android:textColor">@color/white_cloud_text</item>
    </style>

    <style name="fm_music_viewpager_my_music_item_right">
        <item name="android:layout_width">wrap_content</item>
        <item name="android:layout_height">wrap_content</item>
        <item name="android:gravity">center</item>
        <item name="android:drawableRight">@drawable/ic_more</item>
        <item name="android:drawablePadding">8dp</item>
        <item name="android:textSize">@dimen/text_size_small</item>
        <item name="android:textColor">@color/white_new_text</item>
    </style>

    <style name="fm_create_playlist_edittext">
        <item name="android:layout_width">match_parent</item>
        <item name="android:layout_height">wrap_content</item>
        <item name="android:background">@drawable/round_corner_stroke_black_bg</item>
        <item name="android:layout_marginTop">4dp</item>
        <item name="android:gravity">center_vertical</item>
        <item name="android:padding">10dp</item>
        <item name="android:textSize">@dimen/text_size_small</item>
        <item name="android:textColor">@color/white_cloud_text</item>
    </style>

    <style name="activity_play_song_checkbox">
        <item name="android:layout_width">0dp</item>
        <item name="android:layout_height">match_parent</item>
        <item name="android:layout_weight">1</item>
        <item name="android:paddingTop">3dp</item>
        <item name="android:background">@android:color/transparent</item>
        <item name="android:gravity">center</item>
        <item name="android:button">@null</item>
        <item name="android:textColor">@color/checkbox_text_play_music</item>
        <item name="android:textSize">@dimen/activity_play_song_nav_checkbox_text</item>
    </style>

    <style name="fm_create_club_edittext">
        <item name="android:layout_width">match_parent</item>
        <item name="android:layout_height">wrap_content</item>
        <item name="android:background">@drawable/round_corner_stroke_black_bg</item>
        <item name="android:layout_marginTop">4dp</item>
        <item name="android:layout_marginLeft">10dp</item>
        <item name="android:layout_marginRight">10dp</item>
        <item name="android:gravity">center_vertical</item>
        <item name="android:padding">10dp</item>
        <item name="android:textSize">@dimen/text_size_small</item>
        <item name="android:textColor">@color/white_cloud_text</item>
    </style>

    <style name="fm_edit_club_edittext">
        <item name="android:layout_width">match_parent</item>
        <item name="android:layout_height">wrap_content</item>
        <item name="android:background">@drawable/round_corner_stroke_black_bg</item>
        <item name="android:layout_marginTop">4dp</item>
        <item name="android:layout_marginLeft">10dp</item>
        <item name="android:layout_marginRight">10dp</item>
        <item name="android:padding">10dp</item>
        <item name="android:gravity">center_vertical</item>
        <item name="android:textSize">@dimen/text_size_small</item>
        <item name="android:textColor">@color/white_cloud_text</item>
    </style>

    <!--<style name="activity_club_detail_panel_divider">-->
        <!--<item name="android:layout_width">match_parent</item>-->
        <!--<item name="android:layout_height">1.0dp</item>-->
        <!--<item name="android:background">#C1C1C1</item>-->
    <!--</style>-->

    <style name="activity_club_detail_rank_indicator">
        <item name="android:layout_width">91dp</item>
        <item name="android:layout_height">32dp</item>
        <item name="android:padding">2dp</item>
        <item name="android:drawablePadding">2dp</item>
        <item name="android:gravity">center</item>
        <item name="android:button">@null</item>
        <item name="android:textColor">@drawable/regist_checkbox_text</item>
        <item name="android:textSize">@dimen/text_size_middle</item>
    </style>

    <style name="activity_publish_notice_edittext">
        <item name="android:layout_width">match_parent</item>
        <item name="android:layout_height">wrap_content</item>
        <item name="android:background">@drawable/round_corner_stroke_black_bg</item>
        <item name="android:layout_marginTop">4dp</item>
        <item name="android:padding">10dp</item>
        <item name="android:gravity">center_vertical</item>
        <item name="android:textSize">@dimen/text_size_small</item>
        <item name="android:textColor">@color/white_milky_text</item>
    </style>

    <style name="fm_mine_run_record_chart_label_text">
        <item name="android:layout_width">wrap_content</item>
        <item name="android:layout_height">wrap_content</item>
        <item name="android:textColor">@color/white_milky_text</item>
        <item name="android:gravity">center_horizontal</item>
        <item name="android:textSize">@dimen/text_size_small</item>
    </style>

    <style name="fm_mine_run_record_chart_text">
        <item name="android:layout_width">wrap_content</item>
        <item name="android:layout_height">wrap_content</item>
        <item name="android:textColor">@color/white_text</item>
        <item name="android:textSize">25sp</item>
    </style>

    <style name="fm_mine_viewpager_more_item_group">
        <item name="android:layout_width">match_parent</item>
        <item name="android:layout_height">wrap_content</item>
        <item name="android:orientation">vertical</item>
        <item name="android:background">@android:color/transparent</item>
    </style>

    <style name="fm_mine_viewpager_more_item">
        <item name="android:layout_width">match_parent</item>
        <item name="android:layout_height">50dp</item>
        <item name="android:drawableRight">@drawable/ic_more</item>
        <item name="android:gravity">center_vertical</item>
        <item name="android:paddingLeft">@dimen/element_padding</item>
        <item name="android:paddingRight">@dimen/element_padding</item>
        <item name="android:drawablePadding">@dimen/element_padding</item>
        <item name="android:textColor">@color/white_cloud_text</item>
        <item name="android:textSize">@dimen/text_size_middle</item>
        <item name="android:background">@android:color/transparent</item>

    </style>

    <style name="fm_mine_viewpager_equipment_item">
        <item name="android:layout_width">match_parent</item>
        <item name="android:layout_height">wrap_content</item>
        <item name="android:clickable">true</item>
        <item name="android:onClick">doClick</item>
        <item name="android:orientation">horizontal</item>
        <item name="android:background">@android:color/transparent</item>
    </style>

    <style name="activity_account_set_item">
        <item name="android:layout_width">match_parent</item>
        <item name="android:layout_height">50dp</item>
        <item name="android:gravity">center_vertical</item>
        <item name="android:paddingLeft">@dimen/element_padding</item>
        <item name="android:paddingRight">@dimen/element_padding</item>
        <item name="android:textColor">@color/gray_text</item>
        <item name="android:textSize">@dimen/text_size_small</item>
        <item name="android:background">@android:color/transparent</item>
    </style>

    <style name="fm_mine_viewpager_more_item_textview">
        <item name="android:layout_width">0dp</item>
        <item name="android:layout_height">wrap_content</item>
        <item name="android:layout_weight">1</item>
        <item name="android:gravity">center_vertical</item>
        <item name="android:padding">@dimen/element_padding</item>
        <item name="android:drawablePadding">@dimen/element_padding</item>
        <item name="android:textColor">@color/white_cloud_text</item>
        <item name="android:textSize">@dimen/text_size_middle</item>
    </style>

    <!--<style name="fm_mine_viewpager_more_item_divider">-->
        <!--<item name="android:layout_width">match_parent</item>-->
        <!--<item name="android:layout_height">1.0dp</item>-->
        <!--<item name="android:background">#ECECEC</item>-->
    <!--</style>-->

    <style name="fitmix_item_divider_short">
        <item name="android:layout_width">match_parent</item>
        <item name="android:layout_marginLeft">40dp</item>
        <item name="android:layout_height">1.0dp</item>
        <item name="android:background">@color/divider_color</item>
    </style>

    <style name="fitmix_item_divider_long">
        <item name="android:layout_width">match_parent</item>
        <item name="android:layout_height">1.0dp</item>
        <item name="android:background">@color/divider_color</item>
    </style>

    <!--<style name="activity_run_record_graph_analyse_radio_wrapper">-->
        <!--<item name="android:layout_width">0dp</item>-->
        <!--<item name="android:layout_height">match_parent</item>-->
        <!--<item name="android:layout_weight">1</item>-->
    <!--</style>-->

    <!--<style name="activity_run_record_graph_analyse_radio">-->
        <!--<item name="android:layout_width">wrap_content</item>-->
        <!--<item name="android:layout_height">match_parent</item>-->
        <!--<item name="android:layout_gravity">center</item>-->
        <!--<item name="android:background">@android:color/transparent</item>-->
        <!--<item name="android:button">@null</item>-->
        <!--<item name="android:textSize">@dimen/text_size_middle</item>-->
        <!--<item name="android:drawablePadding">2dp</item>-->
    <!--</style>-->

    <style name="activity_run_record_pace_analyse_listview_item">
        <item name="android:layout_width">0dp</item>
        <item name="android:layout_height">30dp</item>
        <item name="android:layout_weight">1</item>
        <item name="android:gravity">center</item>
        <item name="android:textColor">@color/black_a8a8ab</item>
        <item name="android:textSize">@dimen/text_size_middle</item>
    </style>

    <style name="activity_run_setting_checkbox">
        <item name="android:layout_width">wrap_content</item>
        <item name="android:layout_height">wrap_content</item>
        <item name="android:button">@null</item>
        <item name="android:background">@android:color/transparent</item>
        <item name="android:drawablePadding">@dimen/element_drawablePadding</item>
        <item name="android:gravity">center_horizontal</item>
        <item name="android:textColor">#C9C8D2</item>
        <item name="android:textSize">@dimen/text_size_tiny</item>
    </style>

    <!--<style name="activity_run_setting_switch">-->
        <!--&lt;!&ndash; Active thumb color & Active track color(30% transparency) &ndash;&gt;-->
        <!--<item name="colorControlActivated">@color/activity_run_setting_switch_on</item>-->
        <!--&lt;!&ndash; Inactive thumb color &ndash;&gt;-->
        <!--&lt;!&ndash;item name="colorSwitchThumbNormal">@color/grey300</item&ndash;&gt;-->
        <!--&lt;!&ndash; Inactive track color(30% transparency) &ndash;&gt;-->
        <!--<item name="android:colorForeground">@color/activity_run_setting_switch_off</item>-->
    <!--</style>-->

    <style name="fm_runmain_music_runinfo_text">
        <item name="android:layout_width">match_parent</item>
        <item name="android:layout_height">wrap_content</item>
        <item name="android:textColor">@color/white_text</item>
        <item name="android:gravity">center_horizontal</item>
        <item name="android:textSize">@dimen/text_size_small</item>
        <item name="android:textStyle">bold</item>
    </style>

    <style name="fm_runmain_music_label_text">
        <item name="android:layout_width">match_parent</item>
        <item name="android:layout_height">wrap_content</item>
        <item name="android:paddingLeft">4dp</item>
        <item name="android:paddingRight">4dp</item>
        <item name="android:gravity">center_horizontal</item>
        <item name="android:textColor">@color/white_text</item>
        <item name="android:textSize">@dimen/text_size_small</item>
        <item name="android:layout_marginTop">2dp</item>
    </style>

    <style name="fm_runmain_map_label_text">
        <item name="android:layout_width">wrap_content</item>
        <item name="android:layout_height">wrap_content</item>
        <item name="android:textColor">#8C8C8C</item>
        <item name="android:textSize">@dimen/text_size_small</item>
    </style>

    <style name="translucent_dialog" parent="@android:style/Theme.Dialog">
        <item name="android:windowFrame">@null</item>
        <!--边框-->
        <item name="android:windowIsFloating">true</item>
        <!--是否浮现在activity之上-->
        <item name="android:windowIsTranslucent">true</item>
        <!--半透明-->
        <item name="android:windowNoTitle">true</item>
        <!--无标题-->
        <item name="android:windowBackground">@android:color/transparent</item>
        <!--背景透明-->
        <item name="android:backgroundDimEnabled">true</item>
        <!--模糊-->
    </style>

    <style name="activity_cache_manager_item">
        <item name="android:layout_width">match_parent</item>
        <item name="android:layout_height">42dp</item>
        <item name="android:orientation">horizontal</item>
        <item name="android:padding">@dimen/element_padding</item>
        <item name="android:gravity">center_vertical</item>
        <item name="android:clickable">true</item>
        <item name="android:onClick">doClick</item>
    </style>

    <!--<style name="alert_dialog" parent="android:Theme.Dialog">-->
        <!--<item name="android:windowIsFloating">true</item>-->
        <!--<item name="android:windowIsTranslucent">false</item>-->
        <!--<item name="android:windowNoTitle">true</item>-->
        <!--<item name="android:windowFullscreen">false</item>-->
        <!--<item name="android:windowBackground">@android:color/transparent</item>-->
        <!--<item name="android:windowAnimationStyle">@null</item>-->
        <!--<item name="android:backgroundDimEnabled">true</item>-->
        <!--<item name="android:backgroundDimAmount">0.4</item>-->
    <!--</style>-->

    <!--<style name="ViewSpaceForVertical">-->
    <!--<item name="android:layout_width">1dp</item>-->
    <!--</style>-->

    <style name="TextViewResStyle">
        <item name="android:layout_width">wrap_content</item>
        <item name="android:layout_height">wrap_content</item>
        <item name="android:paddingLeft">2dp</item>
        <item name="android:paddingRight">2dp</item>
        <item name="android:ellipsize">end</item>
        <item name="android:singleLine">true</item>
    </style>

    <style name="NormalTextResStyle" parent="TextViewResStyle">
        <item name="android:background">@android:color/transparent</item>
        <item name="android:layout_gravity">center</item>
        <item name="android:gravity">center</item>
    </style>

    <style name="LockScreenDataStyle" parent="NormalTextResStyle">
        <item name="android:textSize">@dimen/text_size_middle</item>
        <item name="android:textColor">#FFFFFFFF</item>
    </style>

    <style name="NormalGridStyle">
        <item name="android:layout_width">0dp</item>
        <item name="android:layout_height">wrap_content</item>
        <item name="android:layout_weight">1</item>
        <item name="android:gravity">center</item>
        <item name="android:layout_gravity">center</item>
    </style>

    <!--=======================material date time picker===========================-->
    <attr name="mdtp_theme_dark" format="boolean">false</attr>

    <style name="mdtp_time_label">
        <item name="android:textSize">@dimen/mdtp_time_label_size</item>
        <item name="android:textColor">@color/mdtp_numbers_text_color</item>
    </style>

    <style name="mdtp_time_label_small" parent="mdtp_time_label">
        <item name="android:textSize">@dimen/mdtp_time_label_subscript_size</item>
        <item name="android:layout_marginBottom">@dimen/mdtp_time_label_shift</item>
    </style>

    <style name="mdtp_ampm_label">
        <item name="android:textSize">@dimen/mdtp_ampm_label_size</item>
        <item name="android:textAllCaps">true</item>
        <item name="android:textColor">@color/mdtp_ampm_text_color</item>
        <item name="android:textStyle">bold</item>
    </style>

    <!--<style name="mdtp_day_of_week_label_condensed"/>-->

    <style name="mdtp_ActionButton">
        <item name="android:layout_width">wrap_content</item>
        <item name="android:layout_height">@dimen/mdtp_material_button_height</item>
        <item name="android:layout_gravity">center_vertical</item>
        <item name="android:focusable">true</item>
    </style>

    <style name="mdtp_ActionButton.Text" tools:ignore="NewApi">
        <item name="android:textSize">@dimen/mdtp_material_button_textsize</item>
        <item name="android:singleLine">true</item>
        <item name="android:layout_gravity">center_vertical</item>
        <item name="android:gravity">center</item>
        <item name="android:stateListAnimator">@null</item>
        <item name="android:background">@drawable/mdtp_material_button_background</item>
        <item name="android:minWidth">@dimen/mdtp_material_button_minwidth</item>
        <item name="android:paddingLeft">@dimen/mdtp_material_button_textpadding_horizontal</item>
        <item name="android:paddingRight">@dimen/mdtp_material_button_textpadding_horizontal</item>
        <item name="android:textColor">@color/mdtp_button_color</item>
        <item name="android:textAllCaps">true</item>
    </style>

    <!--<style name="ucrop_ImageViewWidgetIcon">-->
    <!--<item name="android:layout_width">wrap_content</item>-->
    <!--<item name="android:layout_height">wrap_content</item>-->
    <!--<item name="android:layout_gravity">center</item>-->
    <!--<item name="android:scaleType">fitCenter</item>-->
    <!--<item name="android:duplicateParentState">true</item>-->
    <!--</style>-->

    <!--<style name="ucrop_WrapperIconState">-->
    <!--<item name="android:layout_width">0dp</item>-->
    <!--<item name="android:layout_height">match_parent</item>-->
    <!--<item name="android:layout_weight">1</item>-->
    <!--<item name="android:background">?attr/selectableItemBackground</item>-->
    <!--<item name="android:clickable">true</item>-->
    <!--</style>-->

    <!--<style name="ucrop_WrapperRotateButton">-->
    <!--<item name="android:layout_width">@dimen/ucrop_size_wrapper_rotate_button</item>-->
    <!--<item name="android:layout_height">@dimen/ucrop_size_wrapper_rotate_button</item>-->
    <!--<item name="android:background">?attr/selectableItemBackgroundBorderless</item>-->
    <!--<item name="android:clickable">true</item>-->
    <!--</style>-->

    <!--<style name="ucrop_TextViewCropAspectRatio">-->
    <!--<item name="android:layout_width">wrap_content</item>-->
    <!--<item name="android:layout_height">@dimen/ucrop_height_crop_aspect_ratio_text</item>-->
    <!--<item name="android:layout_gravity">center</item>-->
    <!--<item name="android:duplicateParentState">true</item>-->
    <!--<item name="android:textColor">@color/ucrop_scale_text_view_selector</item>-->
    <!--</style>-->

    <!--<style name="ucrop_TextViewWidgetText">-->
    <!--<item name="android:layout_width">wrap_content</item>-->
    <!--<item name="android:layout_height">wrap_content</item>-->
    <!--<item name="android:layout_centerHorizontal">true</item>-->
    <!--<item name="android:layout_marginTop">@dimen/ucrop_margit_top_widget_text</item>-->
    <!--<item name="android:textColor">@color/ucrop_color_widget_text</item>-->
    <!--<item name="android:textSize">@dimen/ucrop_text_size_widget_text</item>-->
    <!--</style>-->

    <style name="fm_pair_shine_indicator">
        <item name="android:layout_width">wrap_content</item>
        <item name="android:layout_height">wrap_content</item>
        <item name="android:gravity">center</item>
        <item name="android:button">@null</item>
        <item name="android:background">@drawable/activity_pair_shine_radio_selector</item>
        <item name="android:textColor">@color/full_white_text</item>
        <item name="android:textSize">@dimen/text_size_middle</item>
    </style>

    <!-- 微信授权 -->
    <style name="wechat_style" parent="@android:style/Theme.NoDisplay"/>

    <style name="Widget"/>

    <!--<style name="Widget.List">-->
        <!--<item name="android:background">@color/backgroundColor</item>-->
        <!--<item name="android:gravity">center_horizontal</item>-->
    <!--</style>-->

    <!--<style name="Widget.ListTitle">-->
        <!--<item name="android:background">@color/headerBackgroundColor</item>-->
        <!--<item name="android:textColor">@color/headerTextColor</item>-->
        <!--<item name="android:gravity">center</item>-->
    <!--</style>-->

    <!--<style name="Widget.ScannerSubtitle">-->
        <!--<item name="android:textColor">?attr/colorAccent</item>-->
        <!--<item name="android:textStyle">bold</item>-->
    <!--</style>-->

    <style name="RunMainHeartFragmentNormal">
        <item name="android:textColor">@color/white_text</item>
        <item name="android:textSize">@dimen/text_size_middle</item>
        <item name="android:gravity">center</item>
    </style>

    <style name="RestHeartRateDescriptionTitle">
        <item name="android:textColor">@color/activity_main_nav_radio_text</item>
        <item name="android:textSize">20sp</item>
    </style>

    <style name="RestHeartRateDescriptionInfo">
        <item name="android:textColor">@color/white_text</item>
        <item name="android:textSize">@dimen/text_size_small</item>
    </style>

    <style name="activity_watch_main_vp_setting_item">
        <item name="android:layout_width">match_parent</item>
        <item name="android:layout_height">50dp</item>
        <item name="android:drawableRight">@drawable/ic_more</item>
        <item name="android:gravity">center_vertical</item>
        <item name="android:paddingLeft">@dimen/element_padding</item>
        <item name="android:paddingRight">@dimen/element_padding</item>
        <item name="android:drawablePadding">@dimen/element_padding</item>
        <item name="android:textColor">@color/white_cloud_text</item>
        <item name="android:textSize">@dimen/text_size_middle</item>
        <item name="android:background">@android:color/transparent</item>
    </style>

    <style name="activity_watch_notify_item">
        <item name="android:layout_height">50dp</item>
        <item name="android:layout_width">match_parent</item>
        <item name="android:orientation">horizontal</item>
        <item name="android:gravity">center_vertical</item>
        <item name="android:paddingLeft">@dimen/element_padding</item>
        <item name="android:paddingRight">@dimen/element_padding</item>
        <item name="android:background">@color/transparent</item>
    </style>

    <style name="dialog" parent="@android:style/Theme.Dialog">
        <item name="android:windowFrame">@null</item>
        <item name="android:windowIsFloating">true</item>
        <item name="android:windowIsTranslucent">false</item>
        <item name="android:windowNoTitle">true</item>
        <item name="android:background">@null</item>
        <item name="android:backgroundDimEnabled">true</item>
        <item name="android:windowBackground"> @android:color/transparent</item>
    </style>

</resources>
